-- phpMyAdmin SQL Dump
-- version 4.8.5
-- https://www.phpmyadmin.net/
--
-- Host: localhost
-- Generation Time: Apr 17, 2019 at 09:00 AM
-- Server version: 8.0.15
-- PHP Version: 7.1.16

SET SQL_MODE = "NO_AUTO_VALUE_ON_ZERO";
SET AUTOCOMMIT = 0;
START TRANSACTION;
SET time_zone = "+00:00";


/*!40101 SET @OLD_CHARACTER_SET_CLIENT=@@CHARACTER_SET_CLIENT */;
/*!40101 SET @OLD_CHARACTER_SET_RESULTS=@@CHARACTER_SET_RESULTS */;
/*!40101 SET @OLD_COLLATION_CONNECTION=@@COLLATION_CONNECTION */;
/*!40101 SET NAMES utf8mb4 */;

--
-- Database: `elle3`
--

-- --------------------------------------------------------

--
-- Table structure for table `addinfo`
--

CREATE TABLE `addinfo` (
  `cardID` int(11) NOT NULL,
  `textType` varchar(50) NOT NULL,
  `infoPrime` varchar(50) NOT NULL,
  `infoBeta` varchar(50) NOT NULL
) ENGINE=InnoDB DEFAULT CHARSET=utf8;

-- --------------------------------------------------------

--
-- Table structure for table `audio`
--

CREATE TABLE `audio` (
  `cardID` int(11) NOT NULL,
  `audioLocation` varchar(225) NOT NULL
) ENGINE=InnoDB DEFAULT CHARSET=utf8;

--
-- Dumping data for table `audio`
--

INSERT INTO `audio` (`cardID`, `audioLocation`) VALUES
(0, './Audio/0000Face.ogg'),
(1, './Audio/0001Leg.ogg'),
(2, './Audio/0002World.ogg'),
(3, './Audio/0003Salt.ogg'),
(4, './Audio/0004Hand.ogg'),
(5, './Audio/0005Stomach.ogg'),
(6, './Audio/0006Nose.ogg'),
(7, './Audio/0007Mouth.ogg'),
(8, './Audio/0008Meat.ogg'),
(9, './Audio/0009Person.ogg'),
(10, './Audio/0010Star.ogg'),
(11, './Audio/0011Sun.ogg'),
(12, './Audio/0012House.ogg'),
(13, './Audio/0013Head.ogg'),
(14, './Audio/0014Ear.ogg'),
(15, './Audio/0015Snow.ogg'),
(16, './Audio/0016Cloud.ogg'),
(17, './Audio/0017Mountain.ogg'),
(18, './Audio/0018Medicine.ogg'),
(19, './Audio/0019Water.ogg'),
(20, './Audio/0020Fire.ogg'),
(21, './Audio/0000appleSND.ogg'),
(22, './Audio/0001orangeSND.ogg'),
(23, './Audio/0002strawberrySND.ogg'),
(24, './Audio/0003grapeSND.ogg'),
(25, './Audio/0004runningSND.ogg'),
(26, './Audio/0005drivingSND.ogg'),
(27, './Audio/0006readingSND.ogg'),
(28, './Audio/0007sleepingSND.ogg'),
(29, './Audio/0008catSND.ogg'),
(30, './Audio/0009dogSND.ogg'),
(31, './Audio/0010duckSND.ogg'),
(32, './Audio/0011rabbitSND.ogg'),
(33, './Audio/00330000Face.ogg'),
(34, './Audio/00340001Leg.ogg'),
(35, './Audio/00350002World.ogg'),
(36, './Audio/00360003Salt.ogg'),
(37, './Audio/00370004Hand.ogg'),
(38, './Audio/00380009dogSND.ogg'),
(39, './Audio/00390000appleSND.ogg'),
(40, './Audio/00400000appleSND.ogg'),
(41, './Audio/00410000appleSND.ogg'),
(42, './Audio/00420000appleSND.ogg'),
(43, './Audio/00430000appleSND.ogg'),
(44, './Audio/00440000appleSND.ogg'),
(45, './Audio/00450000appleSND.ogg'),
(46, './Audio/00460000appleSND.ogg'),
(47, './Audio/00470000appleSND.ogg'),
(48, './Audio/00480000appleSND.ogg'),
(49, './Audio/00490000appleSND.ogg'),
(50, './Audio/00500000appleSND.ogg'),
(51, './Audio/00510000appleSND.ogg'),
(52, './Audio/00520000appleSND.ogg'),
(53, './Audio/00530000appleSND.ogg'),
(54, './Audio/00540000appleSND.ogg'),
(55, './Audio/00550000appleSND.ogg'),
(56, './Audio/00560000appleSND.ogg'),
(57, './Audio/00570000appleSND.ogg'),
(58, './Audio/00580000appleSND.ogg'),
(59, './Audio/00590000appleSND.ogg'),
(60, './Audio/00600000appleSND.ogg'),
(61, './Audio/00610000appleSND.ogg'),
(62, './Audio/00620000appleSND.ogg'),
(63, './Audio/00630000appleSND.ogg'),
(64, './Audio/00640000appleSND.ogg'),
(65, './Audio/00650000appleSND.ogg'),
(66, './Audio/00660000appleSND.ogg'),
(67, './Audio/00670000appleSND.ogg'),
(68, './Audio/00680000appleSND.ogg'),
(69, './Audio/00690000appleSND.ogg');

-- --------------------------------------------------------

--
-- Table structure for table `card`
--

CREATE TABLE `card` (
  `cardID` int(11) NOT NULL,
  `deckID` int(11) NOT NULL,
  `cardName` varchar(250) NOT NULL,
  `front` varchar(20) NOT NULL,
  `back` varchar(50) NOT NULL,
  `difficulty` int(11) NOT NULL,
  `tag` varchar(50) DEFAULT NULL,
  `gifLocation` varchar(225) DEFAULT NULL
) ENGINE=InnoDB DEFAULT CHARSET=utf8;

--
-- Dumping data for table `card`
--

INSERT INTO `card` (`cardID`, `deckID`, `cardName`, `front`, `back`, `difficulty`, `tag`, `gifLocation`) VALUES
(0, 300, 'Spanish Fundamental Vocab 1 Face', 'face', 'cara', 1, 'spanish', NULL),
(1, 300, 'Spanish Fundamental Vocab 1 Leg', 'leg', 'pierna', 1, 'spanish', NULL),
(2, 300, 'Spanish Fundamental Vocab 1 World', 'world', 'mundo', 1, 'spanish', NULL),
(3, 300, 'Spanish Fundamental Vocab 1 Salt', 'salt', 'sal', 1, 'spanish', NULL),
(4, 300, 'Spanish Fundamental Vocab 1 Hand', 'hand', 'mano', 1, 'spanish', NULL),
(5, 300, 'Spanish Fundamental Vocab 1 Stomach', 'stomach', 'estómago', 1, 'spanish', NULL),
(6, 300, 'Spanish Fundamental Vocab 1 Nose', 'nose', 'nariz', 1, 'spanish', NULL),
(7, 300, 'Spanish Fundamental Vocab 1 Mouth', 'mouth', 'boca', 1, 'spanish', NULL),
(8, 300, 'Spanish Fundamental Vocab 1 Meat', 'meat', 'carne', 1, 'spanish', NULL),
(9, 300, 'Spanish Fundamental Vocab 1 Person', 'person', 'persona', 1, 'spanish', NULL),
(10, 300, 'Spanish Fundamental Vocab 1 Star', 'star', 'estrella,', 1, 'spanish', NULL),
(11, 300, 'Spanish Fundamental Vocab 1 Sun', 'sun', 'sol', 1, 'spanish', NULL),
(12, 300, 'Spanish Fundamental Vocab 1 House', 'house', 'casa', 1, 'spanish', NULL),
(13, 300, 'Spanish Fundamental Vocab 1 Head', 'head', 'cabeza', 1, 'spanish', NULL),
(14, 300, 'Spanish Fundamental Vocab 1 Ear', 'ear', 'oreja', 1, 'spanish', NULL),
(15, 300, 'Spanish Fundamental Vocab 1 Snow', 'snow', 'nieve', 1, 'spanish', NULL),
(16, 300, 'Spanish Fundamental Vocab 1 Cloud', 'cloud', 'nube', 1, 'spanish', NULL),
(17, 300, 'Spanish Fundamental Vocab 1 Mountain', 'mountain', 'montaña', 1, 'spanish', NULL),
(18, 300, 'Spanish Fundamental Vocab 1 Medicine', 'medicine', 'medicina', 1, 'spanish', NULL),
(19, 300, 'Spanish Fundamental Vocab 1 Water', 'water', 'agua', 1, 'spanish', NULL),
(20, 300, 'Spanish Fundamental Vocab 1 Fire', 'fire', 'fuego', 1, 'spanish', NULL),
(21, 301, 'Portuguese Basics Apple', 'apple', 'maçã', 1, 'portuguese', NULL),
(22, 301, 'Portuguese Basics Orange', 'orange', 'laranja', 1, 'portuguese', NULL),
(23, 301, 'Portuguese Basics Strawberry', 'strawberry', 'morango', 1, 'portuguese', NULL),
(24, 301, 'Portuguese Basics Grape', 'grape', 'uva', 1, 'portuguese', NULL),
(25, 301, 'Portuguese Basics Running', 'running', 'correndo', 1, 'portuguese', NULL),
(26, 301, 'Portuguese Basics Driving', 'driving', 'dirigindo', 1, 'portuguese', NULL),
(27, 301, 'Portuguese Basics Reading', 'reading', 'lendo', 1, 'portuguese', NULL),
(28, 301, 'Portuguese Basics Sleeping', 'sleeping', 'dormindo', 1, 'portuguese', NULL),
(29, 301, 'Portuguese Basics Cat', 'cat', 'gato', 1, 'portuguese', NULL),
(30, 301, 'Portuguese Basics Dog', 'dog', 'cachorro', 1, 'portuguese', NULL),
(31, 301, 'Portuguese Basics Duck', 'duck', 'pato', 1, 'portuguese', NULL),
(32, 301, 'Portuguese Basics Rabbit', 'rabbit', 'coelho', 1, 'portuguese', NULL),
(33, 304, 'face', 'face', 'かお', 1, NULL, NULL),
(34, 304, 'leg', 'leg', 'あし', 1, NULL, NULL),
(35, 304, 'world', 'world', 'せかい', 1, NULL, NULL),
(36, 304, 'salt', 'salt', 'しお', 1, NULL, NULL),
(37, 304, 'hand', 'hand', 'て', 1, NULL, NULL),
(38, 306, 'doggo', 'dog', '犬', 1, NULL, NULL),
(39, 307, 'Helium', 'He', 'Helium', 1, NULL, NULL),
(40, 307, 'Neon', 'Ne', 'Neon', 1, NULL, NULL),
(41, 307, 'Argon', 'Ar', 'Argon', 1, NULL, NULL),
(42, 307, 'Krypton', 'Kr', 'Krypton', 1, NULL, NULL),
(43, 307, 'Xenon', 'Xe', 'Xenon', 1, NULL, NULL),
(44, 307, 'Radon', 'Rn', 'Radon', 1, NULL, NULL),
(45, 308, 'Argon', 'Ar', 'Argon', 1, NULL, NULL),
(46, 308, 'Cadmium', 'Cd', 'Cadmium', 1, NULL, NULL),
(47, 308, 'Calcium', 'Ca', 'Calcium', 1, NULL, NULL),
(48, 308, 'Carbon', 'C', 'Carbon', 1, NULL, NULL),
(49, 308, 'Chlorine', 'Cl', 'Chlorine', 1, NULL, NULL),
(50, 308, 'Copernicium', 'Cn', 'Copernicium', 1, NULL, NULL),
(51, 308, 'Helium', 'He', 'Helium', 1, NULL, NULL),
(52, 308, 'Krypton', 'Kr', 'Krypton', 1, NULL, NULL),
(53, 308, 'Magnesium', 'Mg', 'Magnesium', 1, NULL, NULL),
(54, 308, 'Manganese', 'Mn', 'Manganese', 1, NULL, NULL),
(55, 308, 'Molybdenur', 'Mo', 'Molybdenur', 1, NULL, NULL),
(56, 308, 'Neon', 'Ne', 'Neon', 1, NULL, NULL),
(57, 308, 'Potassium', 'K', 'Potassium', 1, NULL, NULL),
(58, 308, 'Radium', 'Ra', 'Radium', 1, NULL, NULL),
(59, 308, 'Radon', 'Rn', 'Radon', 1, NULL, NULL),
(60, 308, 'Rhenium', 'Re', 'Rhenium', 1, NULL, NULL),
(61, 308, 'Rhodium', 'Rh', 'Rhodium', 1, NULL, NULL),
(62, 308, 'Ruthenium', 'Ru', 'Ruthenium', 1, NULL, NULL),
(63, 308, 'Scandium', 'Sc', 'Scandium', 1, NULL, NULL),
(64, 308, 'Silicon', 'Si', 'Silicon', 1, NULL, NULL),
(65, 308, 'Silver', 'Ag', 'Silver', 1, NULL, NULL),
(66, 308, 'Vanadium', 'V', 'Vanadium', 1, NULL, NULL),
(67, 308, 'Xenon', 'Xe', 'Xenon', 1, NULL, NULL),
(68, 308, 'Ytterbium', 'Yb', 'Ytterbium', 1, NULL, NULL),
(69, 308, 'Yttrium', 'Y', 'Yttrium', 1, NULL, NULL);

-- --------------------------------------------------------

--
-- Table structure for table `deck`
--

CREATE TABLE `deck` (
  `deckID` int(11) NOT NULL,
  `userID` int(11) NOT NULL,
  `groupID` int(11) DEFAULT NULL,
  `deckName` varchar(250) NOT NULL,
  `ttype` varchar(50) NOT NULL,
  `version` varchar(50) NOT NULL,
  `status` tinyint(1) NOT NULL,
  `privacy` char(2) NOT NULL
) ENGINE=InnoDB DEFAULT CHARSET=utf8;

--
-- Dumping data for table `deck`
--

INSERT INTO `deck` (`deckID`, `userID`, `groupID`, `deckName`, `ttype`, `version`, `status`, `privacy`) VALUES
(242, 3022, 2, 'Test', 'Test Topic', '1', 1, 'pb'),
(300, 3000, NULL, 'Spanish Fundamental Vocab 1', 'spanish', '1.0', 1, 'pb'),
(301, 3000, NULL, 'Portuguese Basics', 'portuguese', '1.0', 1, 'pb'),
(304, 3011, NULL, '日本語', 'Japanese', '1.0', 1, 'pb'),
(305, 3011, NULL, '日本語', 'Japanese', '1.0', 1, 'pb'),
(306, 3013, NULL, 'mock', 'test', '1.0', 1, 'pb'),
(307, 3013, NULL, 'Noble Gases', 'Chemistry', '1.0', 1, 'pb'),
(308, 3013, NULL, 'Element Names', 'Chemistry', '1.0', 1, 'pb'),
(309, 3021, NULL, '', '', '1.0', 1, 'pb'),
(310, 3021, NULL, 'Cool', '500', '1.0', 1, 'pb'),
(311, 3021, NULL, 'Cool', '500', '1.0', 1, 'pb'),
(312, 3021, NULL, 'Cool', '500', '1.0', 1, 'pb'),
(313, 3021, NULL, 'KalonteTest', 'TestLa', '1.0', 1, 'pb'),
(3007, 3013, NULL, 'kalontetest2', 'test2', '1.0', 1, 'pb'),
(3008, 3013, NULL, 'testde', 'testde', '1.0', 1, 'pb'),
(3009, 3013, NULL, 'testdectrtrtrtr', 'Kalontese', '1.0', 1, 'pb');

-- --------------------------------------------------------

--
-- Table structure for table `deck_map`
--

CREATE TABLE `deck_map` (
  `id` int(11) NOT NULL,
  `userID` int(11) NOT NULL,
  `deckID` int(11) NOT NULL
) ENGINE=InnoDB DEFAULT CHARSET=utf8;

-- --------------------------------------------------------

--
-- Table structure for table `gamelogs`
--

CREATE TABLE `gamelogs` (
  `id` int(10) NOT NULL,
  `userID` int(11) NOT NULL,
  `deck_ID` int(11) NOT NULL,
  `correct` int(5) NOT NULL,
  `incorrect` int(5) NOT NULL,
  `score` int(10) NOT NULL,
  `platform` tinyint(1) NOT NULL,
  `time` timestamp NOT NULL DEFAULT CURRENT_TIMESTAMP
) ENGINE=InnoDB DEFAULT CHARSET=utf8;

--
-- Dumping data for table `gamelogs`
--

INSERT INTO `gamelogs` (`id`, `userID`, `deck_ID`, `correct`, `incorrect`, `score`, `platform`) VALUES
(1, 3015, 304, 20, 11, 15437, 5),
(2, 3017, 305, 27, 1, 16999, 4),
(3, 3015, 306, 3, 8, 4234, 6),
(4, 3016, 307, 26, 22, 19886, 5),
(5, 3016, 308, 8, 13, 13751, 5),
(6, 3017, 304, 19, 11, 19444, 5),
(7, 3015, 305, 3, 17, 11135, 5),
(8, 3015, 306, 18, 4, 1630, 4),
(9, 3015, 307, 14, 3, 1454, 1),
(10, 3015, 308, 11, 4, 5328, 5),
(11, 3016, 304, 3, 5, 14328, 4),
(12, 3016, 305, 27, 11, 14361, 5),
(13, 3015, 306, 5, 20, 21642, 2),
(14, 3017, 307, 4, 24, 12683, 6),
(15, 3016, 308, 8, 28, 4744, 2),
(16, 3015, 304, 14, 23, 9508, 6),
(17, 3015, 305, 15, 22, 4282, 4),
(18, 3016, 306, 1, 19, 6816, 6),
(19, 3017, 307, 8, 28, 11149, 5),
(20, 3015, 308, 16, 17, 18214, 4),
(21, 3015, 304, 13, 14, 14814, 4),
(22, 3015, 305, 14, 17, 11106, 5),
(23, 3015, 306, 6, 29, 5680, 6),
(24, 3015, 307, 18, 9, 8783, 2),
(25, 3016, 308, 16, 17, 7312, 5),
(26, 3016, 304, 4, 5, 7643, 2),
(27, 3016, 305, 9, 28, 5145, 5),
(28, 3017, 306, 26, 6, 2490, 1),
(29, 3017, 307, 12, 10, 6478, 6),
(30, 3017, 308, 18, 17, 8758, 6),
(31, 3016, 304, 17, 15, 1187, 6),
(32, 3017, 305, 6, 8, 20281, 5),
(33, 3015, 306, 27, 21, 20701, 5),
(34, 3016, 307, 15, 10, 23654, 4),
(35, 3017, 308, 21, 5, 11849, 6),
(36, 3015, 304, 27, 24, 23621, 3),
(37, 3016, 305, 18, 16, 8912, 6),
(38, 3016, 306, 27, 19, 21250, 3),
(39, 3017, 307, 26, 11, 2418, 2),
(40, 3015, 308, 13, 8, 17559, 1),
(41, 3016, 304, 5, 17, 22141, 6),
(42, 3017, 305, 10, 12, 963, 3),
(43, 3017, 306, 25, 10, 10134, 4),
(44, 3016, 307, 19, 4, 4887, 2),
(45, 3017, 308, 21, 16, 22000, 5),
(46, 3017, 304, 7, 2, 470, 1),
(47, 3016, 305, 6, 29, 478, 5),
(48, 3016, 306, 10, 22, 3797, 2),
(49, 3017, 307, 26, 22, 19683, 2),
(50, 3015, 308, 5, 12, 10005, 6),
(51, 3016, 304, 8, 26, 2822, 6),
(52, 3016, 305, 19, 2, 2479, 5),
(53, 3016, 306, 19, 12, 14178, 3),
(54, 3015, 307, 29, 9, 20223, 3),
(55, 3015, 308, 3, 30, 2456, 4),
(56, 3016, 304, 20, 1, 9883, 6),
(57, 3016, 305, 27, 7, 20723, 1),
(58, 3016, 306, 7, 25, 10271, 5),
(59, 3017, 307, 12, 18, 22732, 1),
(60, 3016, 308, 29, 29, 4759, 3),
(61, 3017, 304, 24, 11, 21203, 1),
(62, 3015, 305, 15, 4, 16633, 3),
(63, 3016, 306, 19, 29, 6655, 2),
(64, 3016, 307, 3, 15, 2132, 2),
(65, 3017, 308, 9, 13, 978, 3),
(66, 3017, 304, 9, 30, 20018, 5),
(67, 3015, 305, 10, 18, 16100, 2),
(68, 3016, 306, 22, 7, 8144, 6),
(69, 3017, 307, 16, 16, 11472, 4),
(70, 3017, 308, 10, 16, 5219, 5),
(71, 3016, 304, 29, 15, 14490, 4),
(72, 3015, 305, 28, 24, 20686, 2),
(73, 3015, 306, 21, 23, 3924, 5),
(74, 3016, 307, 26, 29, 8853, 1),
(75, 3017, 308, 5, 22, 21769, 6),
(76, 3015, 304, 3, 7, 11924, 3),
(77, 3015, 305, 28, 29, 24567, 1),
(78, 3015, 306, 8, 29, 9189, 4),
(79, 3017, 307, 15, 26, 3430, 4),
(80, 3015, 308, 7, 14, 24011, 6),
(81, 3017, 304, 21, 21, 10342, 2),
(82, 3016, 305, 20, 2, 2384, 1),
(83, 3015, 306, 10, 2, 3466, 3),
(84, 3016, 307, 15, 12, 11013, 5),
(85, 3015, 308, 12, 12, 24063, 5),
(86, 3016, 304, 28, 16, 21637, 5),
(87, 3017, 305, 25, 9, 11222, 1),
(88, 3016, 306, 21, 29, 14169, 5),
(89, 3015, 307, 17, 10, 19348, 4),
(90, 3015, 308, 8, 7, 12589, 4),
(91, 3016, 304, 29, 1, 22407, 6),
(92, 3017, 305, 14, 21, 9492, 2),
(93, 3016, 306, 3, 30, 19088, 4),
(94, 3015, 307, 23, 18, 16865, 4),
(95, 3015, 308, 17, 11, 706, 3),
(96, 3016, 304, 1, 28, 24642, 3),
(97, 3017, 305, 12, 11, 18493, 6),
(98, 3016, 306, 21, 14, 2697, 4),
(99, 3016, 307, 29, 21, 22157, 1),
(100, 3017, 308, 22, 29, 2896, 2),
(101, 3017, 304, 12, 19, 9765, 2),
(102, 3015, 305, 14, 17, 19016, 2),
(103, 3015, 306, 27, 30, 1652, 1),
(104, 3016, 307, 16, 14, 1653, 1),
(105, 3016, 308, 1, 2, 16290, 1),
(106, 3015, 304, 27, 19, 19517, 2),
(107, 3015, 305, 27, 26, 22741, 1),
(108, 3016, 306, 3, 20, 14673, 1),
(109, 3016, 307, 24, 1, 12256, 6),
(110, 3017, 308, 12, 26, 8369, 4),
(111, 3015, 304, 21, 27, 21603, 2),
(112, 3016, 305, 4, 18, 19506, 6),
(113, 3017, 306, 26, 25, 1965, 3),
(114, 3015, 307, 20, 5, 24845, 5),
(115, 3016, 308, 29, 5, 8196, 5),
(116, 3016, 304, 8, 25, 20413, 2),
(117, 3015, 305, 16, 3, 4704, 6),
(118, 3015, 306, 10, 9, 16857, 1),
(119, 3015, 307, 9, 20, 21149, 5),
(120, 3016, 308, 6, 2, 5717, 3),
(121, 3017, 304, 26, 24, 5216, 1),
(122, 3016, 305, 4, 16, 6841, 5),
(123, 3016, 306, 12, 14, 23579, 2),
(124, 3017, 307, 22, 27, 18661, 4),
(125, 3015, 308, 3, 11, 19841, 4),
(126, 3017, 304, 28, 28, 15960, 3),
(127, 3017, 305, 30, 28, 5508, 6),
(128, 3015, 306, 10, 2, 1230, 1),
(129, 3016, 307, 28, 4, 1736, 2),
(130, 3016, 308, 25, 11, 18776, 4),
(131, 3016, 304, 6, 2, 20594, 6),
(132, 3017, 305, 21, 21, 20021, 1),
(133, 3016, 306, 13, 18, 19653, 2),
(134, 3016, 307, 22, 15, 8734, 5),
(135, 3016, 308, 8, 6, 14224, 1),
(136, 3016, 304, 21, 22, 15316, 5),
(137, 3015, 305, 9, 13, 13845, 5),
(138, 3016, 306, 6, 22, 732, 2),
(139, 3017, 307, 13, 25, 14306, 6),
(140, 3015, 308, 5, 18, 16256, 4),
(141, 3017, 304, 29, 9, 9747, 5),
(142, 3016, 305, 7, 11, 9500, 5),
(143, 3016, 306, 25, 8, 19999, 6),
(144, 3017, 307, 23, 23, 12857, 2),
(145, 3015, 308, 21, 23, 23932, 4),
(146, 3017, 304, 26, 22, 8970, 6),
(147, 3015, 305, 15, 14, 24779, 5),
(148, 3017, 306, 22, 21, 13285, 4),
(149, 3015, 307, 17, 6, 17606, 5),
(150, 3015, 308, 22, 27, 14082, 5),
(151, 3016, 304, 4, 18, 11452, 4),
(152, 3017, 305, 7, 13, 7807, 5),
(153, 3016, 306, 22, 22, 9532, 5),
(154, 3017, 307, 14, 20, 12135, 2),
(155, 3016, 308, 1, 17, 5292, 5),
(156, 3015, 304, 27, 7, 24369, 2),
(157, 3015, 305, 22, 21, 12874, 3),
(158, 3017, 306, 21, 18, 8638, 6),
(159, 3017, 307, 10, 20, 619, 5),
(160, 3016, 308, 19, 2, 14576, 4),
(161, 3016, 304, 11, 27, 17499, 3),
(162, 3016, 305, 2, 25, 6461, 2),
(163, 3016, 306, 16, 16, 16851, 3),
(164, 3017, 307, 8, 18, 3725, 4),
(165, 3016, 308, 11, 23, 9460, 5),
(166, 3017, 304, 10, 3, 22268, 1),
(167, 3017, 305, 8, 22, 20508, 6),
(168, 3017, 306, 22, 10, 9572, 1),
(169, 3015, 307, 4, 29, 3856, 5),
(170, 3016, 308, 16, 17, 24104, 1),
(171, 3016, 304, 26, 2, 14697, 6),
(172, 3016, 305, 18, 4, 24821, 5),
(173, 3015, 306, 2, 8, 24483, 3),
(174, 3017, 307, 19, 22, 9339, 4),
(175, 3017, 308, 17, 5, 23053, 4),
(176, 3016, 304, 13, 7, 9211, 4),
(177, 3016, 305, 11, 4, 14526, 1),
(178, 3016, 306, 20, 14, 21810, 3),
(179, 3016, 307, 8, 27, 21867, 6),
(180, 3016, 308, 28, 19, 12431, 4),
(181, 3017, 304, 26, 18, 12843, 3),
(182, 3015, 305, 28, 2, 24909, 1),
(183, 3016, 306, 23, 9, 24213, 2),
(184, 3015, 307, 26, 13, 11414, 5),
(185, 3016, 308, 26, 29, 24432, 1),
(186, 3016, 304, 11, 22, 5700, 5),
(187, 3015, 305, 22, 21, 8221, 6),
(188, 3016, 306, 19, 13, 2531, 3),
(189, 3015, 307, 6, 10, 8432, 5),
(190, 3016, 308, 4, 13, 4959, 5),
(191, 3015, 304, 6, 29, 14237, 5),
(192, 3017, 305, 16, 22, 22924, 4),
(193, 3017, 306, 1, 22, 4280, 5),
(194, 3015, 307, 2, 18, 9458, 2),
(195, 3017, 308, 11, 9, 15151, 1),
(196, 3017, 304, 9, 5, 24466, 1),
(197, 3017, 305, 6, 3, 21467, 3),
(198, 3017, 306, 10, 24, 20764, 5),
(199, 3016, 307, 16, 28, 6255, 5),
(200, 3015, 308, 8, 7, 6712, 4),
(201, 3017, 304, 19, 11, 17072, 2),
(202, 3015, 305, 1, 26, 1854, 6),
(203, 3016, 306, 18, 14, 4431, 5),
(204, 3017, 307, 28, 9, 9957, 5),
(205, 3017, 308, 15, 28, 17835, 2),
(206, 3016, 304, 2, 5, 13578, 6),
(207, 3015, 305, 17, 25, 18988, 5),
(208, 3016, 306, 2, 20, 7995, 4),
(209, 3017, 307, 18, 13, 24245, 3),
(210, 3015, 308, 18, 3, 18899, 5),
(211, 3017, 304, 2, 22, 9263, 2),
(212, 3015, 305, 29, 9, 5609, 6),
(213, 3016, 306, 21, 24, 20934, 5),
(214, 3015, 307, 23, 19, 18359, 1),
(215, 3016, 308, 7, 11, 3186, 6),
(216, 3016, 304, 14, 10, 1497, 6),
(217, 3016, 305, 11, 18, 439, 6),
(218, 3016, 306, 23, 14, 23908, 5),
(219, 3015, 307, 21, 8, 14029, 5),
(220, 3015, 308, 17, 22, 19235, 1),
(221, 3017, 304, 10, 4, 22145, 5),
(222, 3017, 305, 20, 8, 17514, 6),
(223, 3015, 306, 13, 30, 9035, 4),
(224, 3015, 307, 12, 5, 22575, 1),
(225, 3017, 308, 17, 30, 18655, 1),
(226, 3016, 304, 22, 19, 5824, 4),
(227, 3015, 305, 26, 2, 7016, 6),
(228, 3017, 306, 7, 11, 17762, 5),
(229, 3015, 307, 6, 25, 6647, 3),
(230, 3016, 308, 21, 7, 16604, 2),
(231, 3016, 304, 24, 16, 19850, 1),
(232, 3017, 305, 10, 14, 20137, 5),
(233, 3017, 306, 5, 6, 881, 5),
(234, 3015, 307, 2, 27, 14443, 5),
(235, 3017, 308, 29, 8, 123, 4),
(236, 3016, 304, 30, 28, 4476, 4),
(237, 3017, 305, 2, 27, 16919, 2),
(238, 3016, 306, 22, 30, 11366, 2),
(239, 3016, 307, 24, 13, 12776, 3),
(240, 3017, 308, 24, 24, 8556, 4),
(241, 3015, 304, 4, 21, 7705, 3),
(242, 3015, 305, 1, 20, 21017, 2),
(243, 3016, 306, 7, 19, 3787, 2),
(244, 3015, 307, 17, 18, 12571, 1),
(245, 3015, 308, 20, 12, 24411, 4),
(246, 3016, 304, 1, 5, 2613, 4),
(247, 3017, 305, 17, 17, 4172, 1),
(248, 3017, 306, 3, 13, 1803, 5),
(249, 3015, 307, 12, 5, 18342, 6),
(250, 3017, 308, 28, 12, 23779, 6),
(251, 3016, 304, 20, 24, 1514, 1),
(252, 3015, 305, 5, 24, 22208, 6),
(253, 3015, 306, 19, 22, 2639, 5),
(254, 3016, 307, 9, 6, 19593, 4),
(255, 3016, 308, 13, 8, 7768, 3),
(256, 3017, 304, 30, 25, 10379, 3),
(257, 3016, 305, 25, 12, 6708, 4),
(258, 3015, 306, 14, 13, 10911, 3),
(259, 3016, 307, 24, 25, 13483, 2),
(260, 3017, 308, 17, 20, 10336, 4),
(261, 3017, 304, 24, 26, 19068, 2),
(262, 3016, 305, 10, 20, 6021, 2),
(263, 3017, 306, 3, 13, 9813, 4),
(264, 3016, 307, 13, 28, 4356, 6),
(265, 3015, 308, 18, 23, 18623, 5),
(266, 3017, 304, 4, 8, 14309, 5),
(267, 3017, 305, 14, 20, 14047, 6),
(268, 3017, 306, 9, 9, 3479, 4),
(269, 3015, 307, 23, 21, 14799, 1),
(270, 3015, 308, 13, 12, 1831, 5),
(271, 3016, 304, 19, 28, 6573, 6),
(272, 3017, 305, 17, 29, 2481, 3),
(273, 3017, 306, 9, 28, 23279, 5),
(274, 3015, 307, 27, 8, 3992, 3),
(275, 3016, 308, 20, 18, 12320, 2),
(276, 3017, 304, 9, 27, 4005, 2),
(277, 3015, 305, 4, 5, 23042, 4),
(278, 3017, 306, 26, 3, 8254, 1),
(279, 3017, 307, 26, 5, 4368, 4),
(280, 3016, 308, 8, 29, 12591, 3),
(281, 3017, 304, 21, 12, 7519, 5),
(282, 3016, 305, 26, 18, 1486, 4),
(283, 3017, 306, 9, 26, 6573, 5),
(284, 3015, 307, 29, 22, 640, 6),
(285, 3016, 308, 11, 21, 6727, 3),
(286, 3015, 304, 16, 17, 20432, 3),
(287, 3015, 305, 3, 14, 15558, 4),
(288, 3015, 306, 16, 12, 15612, 3),
(289, 3017, 307, 11, 26, 22863, 6),
(290, 3015, 308, 5, 18, 6927, 2),
(291, 3016, 304, 16, 5, 16801, 2),
(292, 3017, 305, 27, 6, 17744, 6),
(293, 3015, 306, 2, 17, 21392, 6),
(294, 3016, 307, 26, 29, 479, 6),
(295, 3017, 308, 3, 5, 9256, 6),
(296, 3015, 304, 10, 4, 13172, 3),
(297, 3015, 305, 11, 13, 9633, 5),
(298, 3017, 306, 26, 6, 2249, 2),
(299, 3017, 307, 28, 26, 19017, 5),
(300, 3015, 308, 9, 24, 681, 6),
(301, 3015, 304, 25, 24, 22514, 5),
(302, 3017, 305, 9, 5, 14346, 4),
(303, 3015, 306, 27, 22, 3789, 5),
(304, 3016, 307, 20, 6, 13352, 4),
(305, 3016, 308, 23, 1, 15846, 2),
(306, 3016, 304, 17, 24, 19318, 5),
(307, 3015, 305, 18, 6, 22535, 1),
(308, 3017, 306, 14, 6, 5537, 3),
(309, 3016, 307, 27, 3, 24403, 5),
(310, 3015, 308, 4, 3, 8723, 3),
(311, 3017, 304, 17, 17, 9669, 6),
(312, 3015, 305, 27, 16, 16892, 3),
(313, 3017, 306, 5, 15, 1983, 2),
(314, 3017, 307, 2, 9, 396, 1),
(315, 3017, 308, 24, 1, 1104, 5),
(316, 3016, 304, 9, 12, 17178, 3),
(317, 3016, 305, 25, 27, 1383, 4),
(318, 3017, 306, 27, 10, 8769, 1),
(319, 3016, 307, 23, 9, 14114, 5),
(320, 3016, 308, 30, 17, 22495, 6),
(321, 3017, 304, 2, 22, 2401, 1),
(322, 3015, 305, 25, 30, 24066, 1),
(323, 3017, 306, 18, 19, 8960, 1),
(324, 3017, 307, 17, 3, 17756, 5),
(325, 3017, 308, 18, 21, 15386, 1),
(326, 3017, 304, 23, 22, 11305, 4),
(327, 3017, 305, 23, 21, 8547, 3),
(328, 3015, 306, 10, 11, 19998, 2),
(329, 3017, 307, 26, 25, 19118, 6),
(330, 3015, 308, 17, 17, 7327, 1),
(331, 3015, 304, 3, 15, 69, 5),
(332, 3015, 305, 28, 16, 16780, 2),
(333, 3016, 306, 16, 14, 11992, 2),
(334, 3017, 307, 14, 27, 4485, 2),
(335, 3016, 308, 11, 5, 13007, 2),
(336, 3016, 304, 19, 2, 16244, 6),
(337, 3017, 305, 24, 23, 22911, 2),
(338, 3017, 306, 27, 2, 13818, 3),
(339, 3015, 307, 2, 26, 19590, 2),
(340, 3016, 308, 20, 27, 20612, 5),
(341, 3016, 304, 22, 12, 24984, 2),
(342, 3015, 305, 23, 29, 791, 5),
(343, 3015, 306, 23, 4, 5882, 6),
(344, 3016, 307, 26, 19, 23246, 1),
(345, 3016, 308, 3, 28, 19570, 5),
(346, 3016, 304, 14, 14, 13610, 2),
(347, 3016, 305, 20, 23, 5150, 4),
(348, 3015, 306, 16, 23, 24948, 5),
(349, 3015, 307, 24, 22, 22369, 5),
(350, 3016, 308, 1, 12, 6346, 2),
(351, 3017, 304, 7, 24, 22086, 2),
(352, 3015, 305, 13, 16, 20718, 3),
(353, 3015, 306, 25, 10, 13864, 2),
(354, 3016, 307, 15, 2, 3140, 5),
(355, 3016, 308, 29, 13, 22348, 6),
(356, 3017, 304, 15, 22, 8731, 3),
(357, 3015, 305, 2, 24, 24029, 5),
(358, 3015, 306, 23, 8, 18127, 2),
(359, 3016, 307, 17, 11, 22244, 6),
(360, 3017, 308, 9, 2, 6089, 4),
(361, 3017, 304, 10, 14, 7046, 3),
(362, 3016, 305, 3, 23, 709, 1),
(363, 3016, 306, 17, 2, 8438, 5),
(364, 3016, 307, 21, 1, 8050, 5),
(365, 3016, 308, 3, 10, 1196, 1),
(366, 3016, 304, 14, 21, 1354, 1),
(367, 3015, 305, 16, 3, 20616, 1),
(368, 3017, 306, 25, 2, 7335, 6),
(369, 3017, 307, 23, 17, 22697, 4),
(370, 3015, 308, 22, 29, 22069, 4),
(371, 3017, 304, 7, 17, 13793, 6),
(372, 3015, 305, 21, 8, 7911, 5),
(373, 3017, 306, 2, 26, 10630, 3),
(374, 3016, 307, 10, 2, 15353, 3),
(375, 3016, 308, 21, 5, 21670, 4),
(376, 3015, 304, 12, 18, 1758, 1),
(377, 3016, 305, 19, 28, 750, 6),
(378, 3015, 306, 4, 13, 9351, 3),
(379, 3017, 307, 15, 26, 19691, 6),
(380, 3015, 308, 14, 26, 4483, 5),
(381, 3017, 304, 11, 17, 12037, 6),
(382, 3015, 305, 29, 25, 11367, 5),
(383, 3016, 306, 27, 9, 18007, 2),
(384, 3015, 307, 26, 13, 16116, 4),
(385, 3017, 308, 16, 17, 6547, 5),
(386, 3017, 304, 1, 29, 18922, 4),
(387, 3016, 305, 29, 22, 10724, 6),
(388, 3016, 306, 24, 1, 12337, 3),
(389, 3017, 307, 11, 26, 5020, 3),
(390, 3015, 308, 27, 23, 16309, 4),
(391, 3016, 304, 21, 8, 3771, 6),
(392, 3017, 305, 10, 16, 15897, 5),
(393, 3016, 306, 14, 23, 22697, 6),
(394, 3016, 307, 7, 19, 9322, 6),
(395, 3016, 308, 4, 8, 16814, 6),
(396, 3017, 304, 17, 19, 19202, 5),
(397, 3016, 305, 29, 8, 24107, 2),
(398, 3017, 306, 2, 29, 21230, 4),
(399, 3015, 307, 17, 5, 20104, 6),
(400, 3017, 308, 21, 20, 21321, 2),
(401, 3017, 304, 1, 30, 12113, 1),
(402, 3015, 305, 18, 1, 4941, 5),
(403, 3015, 306, 26, 21, 7076, 1),
(404, 3016, 307, 5, 4, 12428, 1),
(405, 3017, 308, 15, 13, 6973, 3),
(406, 3017, 304, 17, 24, 6387, 3),
(407, 3017, 305, 21, 6, 6718, 4),
(408, 3017, 306, 2, 4, 16868, 3),
(409, 3016, 307, 9, 5, 13367, 6),
(410, 3015, 308, 14, 14, 13367, 6),
(411, 3017, 304, 20, 26, 24970, 6),
(412, 3015, 305, 26, 22, 1219, 6),
(413, 3015, 306, 13, 9, 21232, 4),
(414, 3016, 307, 21, 15, 5513, 4),
(415, 3015, 308, 3, 11, 2928, 6),
(416, 3017, 304, 7, 30, 4255, 5),
(417, 3017, 305, 22, 24, 12741, 6),
(418, 3016, 306, 28, 15, 10676, 4),
(419, 3017, 307, 26, 20, 273, 2),
(420, 3017, 308, 2, 30, 8497, 5),
(421, 3016, 304, 3, 15, 11601, 1),
(422, 3017, 305, 16, 18, 6132, 1),
(423, 3017, 306, 28, 28, 1605, 1),
(424, 3015, 307, 7, 23, 7433, 5),
(425, 3015, 308, 5, 9, 23559, 3),
(426, 3017, 304, 6, 1, 21992, 5),
(427, 3016, 305, 8, 28, 5427, 2),
(428, 3015, 306, 24, 11, 21394, 6),
(429, 3017, 307, 4, 5, 12267, 1),
(430, 3015, 308, 10, 23, 7959, 3),
(431, 3016, 304, 2, 10, 16361, 4),
(432, 3015, 305, 7, 6, 647, 4),
(433, 3016, 306, 10, 9, 6738, 1),
(434, 3015, 307, 18, 4, 14636, 6),
(435, 3017, 308, 13, 22, 23161, 1),
(436, 3016, 304, 24, 27, 11880, 2),
(437, 3015, 305, 4, 4, 14493, 3),
(438, 3017, 306, 12, 30, 20718, 3),
(439, 3017, 307, 2, 24, 15829, 4),
(440, 3017, 308, 6, 30, 10904, 5),
(441, 3017, 304, 27, 22, 511, 3),
(442, 3017, 305, 12, 12, 12968, 4),
(443, 3017, 306, 23, 14, 4379, 6),
(444, 3017, 307, 14, 27, 5680, 5),
(445, 3016, 308, 23, 29, 390, 3),
(446, 3015, 304, 21, 24, 19937, 5),
(447, 3016, 305, 30, 9, 8879, 5),
(448, 3016, 306, 18, 24, 15903, 6),
(449, 3015, 307, 28, 26, 11506, 3),
(450, 3015, 308, 15, 4, 4577, 1),
(451, 3017, 304, 25, 5, 23367, 2),
(452, 3016, 305, 5, 13, 3879, 4),
(453, 3017, 306, 15, 19, 7627, 2),
(454, 3015, 307, 21, 28, 7346, 4),
(455, 3015, 308, 27, 26, 21202, 4),
(456, 3017, 304, 25, 22, 10751, 2),
(457, 3015, 305, 21, 20, 10476, 3),
(458, 3015, 306, 5, 18, 18098, 4),
(459, 3015, 307, 20, 19, 14347, 6),
(460, 3015, 308, 9, 14, 19855, 4),
(461, 3015, 304, 26, 21, 6195, 6),
(462, 3015, 305, 17, 7, 17432, 3),
(463, 3016, 306, 28, 3, 2205, 6),
(464, 3016, 307, 13, 20, 23279, 2),
(465, 3016, 308, 26, 20, 17056, 5),
(466, 3015, 304, 19, 16, 2888, 2),
(467, 3017, 305, 9, 2, 4646, 4),
(468, 3016, 306, 16, 14, 14115, 1),
(469, 3016, 307, 3, 13, 2268, 5),
(470, 3017, 308, 21, 26, 18871, 3),
(471, 3016, 304, 15, 2, 21794, 5),
(472, 3015, 305, 6, 4, 20839, 5),
(473, 3015, 306, 28, 23, 10190, 2),
(474, 3016, 307, 13, 23, 8775, 2),
(475, 3015, 308, 3, 1, 382, 6),
(476, 3015, 304, 24, 1, 17756, 5),
(477, 3017, 305, 27, 8, 24423, 3),
(478, 3015, 306, 10, 26, 12887, 6),
(479, 3015, 307, 5, 29, 10455, 6),
(480, 3015, 308, 29, 12, 9249, 2),
(481, 3015, 304, 6, 19, 24470, 2),
(482, 3016, 305, 22, 14, 1436, 6),
(483, 3017, 306, 9, 11, 1532, 6),
(484, 3017, 307, 16, 21, 8847, 1),
(485, 3017, 308, 18, 27, 24916, 2),
(486, 3017, 304, 13, 13, 22497, 2),
(487, 3015, 305, 28, 22, 21519, 6),
(488, 3015, 306, 17, 26, 12670, 5),
(489, 3016, 307, 24, 23, 10218, 1),
(490, 3015, 308, 27, 25, 14123, 2),
(491, 3017, 304, 23, 23, 20392, 2),
(492, 3016, 305, 18, 19, 1259, 3),
(493, 3017, 306, 12, 16, 10684, 2),
(494, 3017, 307, 22, 26, 18482, 3),
(495, 3016, 308, 27, 17, 17229, 3),
(496, 3016, 304, 18, 3, 10730, 2),
(497, 3015, 305, 20, 12, 11659, 2),
(498, 3016, 306, 21, 11, 3607, 4),
(499, 3017, 307, 5, 8, 12239, 5),
(500, 3017, 308, 28, 11, 19545, 4),
(501, 3017, 304, 9, 8, 7241, 1),
(502, 3017, 305, 8, 27, 5698, 3),
(503, 3015, 306, 16, 11, 21208, 5),
(504, 3015, 307, 10, 4, 11404, 2),
(505, 3016, 308, 12, 15, 19877, 3),
(506, 3017, 304, 16, 21, 10485, 6),
(507, 3015, 305, 22, 28, 17727, 2),
(508, 3017, 306, 14, 10, 8716, 2),
(509, 3016, 307, 22, 1, 11274, 2),
(510, 3016, 308, 6, 28, 17397, 4),
(511, 3015, 304, 29, 5, 24198, 3),
(512, 3016, 305, 14, 15, 5593, 5),
(513, 3017, 306, 18, 23, 15622, 4),
(514, 3016, 307, 14, 4, 5909, 2),
(515, 3016, 308, 9, 28, 6415, 6),
(516, 3017, 304, 9, 21, 15903, 6),
(517, 3016, 305, 16, 1, 24941, 1),
(518, 3016, 306, 3, 15, 6861, 6),
(519, 3016, 307, 12, 5, 5619, 6),
(520, 3015, 308, 18, 6, 16596, 3),
(521, 3015, 304, 28, 5, 9878, 1),
(522, 3016, 305, 3, 19, 20217, 6),
(523, 3016, 306, 25, 21, 8186, 4),
(524, 3017, 307, 1, 29, 8400, 3),
(525, 3016, 308, 10, 6, 16152, 3),
(526, 3015, 304, 1, 28, 9778, 1),
(527, 3016, 305, 1, 1, 13242, 6),
(528, 3015, 306, 2, 6, 3241, 3),
(529, 3015, 307, 28, 23, 23740, 2),
(530, 3017, 308, 23, 28, 5649, 5),
(531, 3015, 304, 16, 21, 1928, 4),
(532, 3016, 305, 2, 25, 16764, 6),
(533, 3015, 306, 1, 16, 11053, 6),
(534, 3015, 307, 5, 13, 10242, 1),
(535, 3016, 308, 8, 17, 22204, 1),
(536, 3016, 304, 15, 29, 4420, 6),
(537, 3016, 305, 6, 19, 2583, 6),
(538, 3016, 306, 13, 2, 13801, 1),
(539, 3016, 307, 6, 9, 15931, 4),
(540, 3016, 308, 19, 13, 7510, 4),
(541, 3015, 304, 21, 26, 12173, 6),
(542, 3016, 305, 7, 13, 10342, 1),
(543, 3016, 306, 13, 27, 5253, 5),
(544, 3015, 307, 13, 18, 22635, 6),
(545, 3015, 308, 13, 19, 13593, 2),
(546, 3015, 304, 20, 2, 57, 6),
(547, 3016, 305, 5, 5, 14153, 6),
(548, 3015, 306, 18, 24, 5845, 6),
(549, 3016, 307, 25, 28, 1889, 5),
(550, 3015, 308, 21, 14, 12099, 5),
(551, 3016, 304, 1, 30, 21069, 6),
(552, 3015, 305, 14, 13, 23098, 6),
(553, 3016, 306, 24, 13, 24579, 6),
(554, 3015, 307, 4, 30, 1375, 5),
(555, 3015, 308, 17, 6, 11066, 4),
(556, 3016, 304, 14, 27, 4085, 6),
(557, 3016, 305, 8, 14, 17517, 4),
(558, 3015, 306, 18, 26, 22032, 4),
(559, 3017, 307, 4, 12, 10806, 4),
(560, 3016, 308, 15, 6, 13400, 5),
(561, 3016, 304, 8, 17, 15952, 2),
(562, 3017, 305, 26, 19, 11217, 5),
(563, 3017, 306, 14, 8, 17266, 2),
(564, 3016, 307, 29, 7, 17623, 5),
(565, 3017, 308, 26, 16, 19644, 6),
(566, 3016, 304, 8, 6, 1132, 3),
(567, 3015, 305, 24, 22, 11608, 1),
(568, 3016, 306, 3, 16, 6985, 2),
(569, 3016, 307, 26, 21, 19947, 2),
(570, 3015, 308, 7, 2, 644, 6),
(571, 3017, 304, 25, 22, 15541, 3),
(572, 3017, 305, 5, 29, 24911, 2),
(573, 3017, 306, 28, 1, 6737, 5),
(574, 3016, 307, 21, 24, 2884, 1),
(575, 3016, 308, 1, 18, 10402, 1),
(576, 3017, 304, 14, 9, 17701, 6),
(577, 3015, 305, 20, 29, 13796, 6),
(578, 3017, 306, 3, 18, 3394, 3),
(579, 3016, 307, 4, 26, 4915, 5),
(580, 3017, 308, 12, 27, 16720, 3),
(581, 3016, 304, 24, 17, 914, 6),
(582, 3017, 305, 30, 3, 7044, 1),
(583, 3015, 306, 5, 5, 24275, 5),
(584, 3016, 307, 14, 24, 14629, 5),
(585, 3017, 308, 22, 14, 19220, 6),
(586, 3017, 304, 5, 10, 9414, 2),
(587, 3017, 305, 11, 8, 12664, 5),
(588, 3017, 306, 26, 6, 16060, 6),
(589, 3015, 307, 13, 17, 11918, 1),
(590, 3017, 308, 6, 16, 6742, 6),
(591, 3016, 304, 15, 15, 14490, 5),
(592, 3017, 305, 21, 14, 5662, 5),
(593, 3015, 306, 23, 26, 6576, 4),
(594, 3015, 307, 2, 2, 24843, 4),
(595, 3016, 308, 1, 15, 16630, 2),
(596, 3016, 304, 27, 11, 7877, 5),
(597, 3015, 305, 26, 7, 19132, 5),
(598, 3017, 306, 23, 16, 14838, 1),
(599, 3017, 307, 19, 30, 17276, 5),
(600, 3015, 308, 7, 6, 18294, 5),
(601, 3017, 304, 24, 27, 10592, 2),
(602, 3017, 305, 7, 27, 6851, 1),
(603, 3015, 306, 6, 28, 583, 6),
(604, 3015, 307, 18, 8, 448, 2),
(605, 3017, 308, 26, 28, 10817, 4),
(606, 3016, 304, 6, 19, 20657, 2),
(607, 3017, 305, 6, 23, 6692, 6),
(608, 3017, 306, 12, 25, 21340, 6),
(609, 3017, 307, 25, 20, 14173, 6),
(610, 3017, 308, 10, 22, 11182, 4),
(611, 3017, 304, 21, 23, 24480, 2),
(612, 3015, 305, 19, 14, 6572, 3),
(613, 3015, 306, 21, 10, 24991, 4),
(614, 3016, 307, 6, 7, 8855, 3),
(615, 3017, 308, 21, 20, 4716, 6),
(616, 3017, 304, 7, 30, 3192, 4),
(617, 3017, 305, 12, 29, 5642, 3),
(618, 3017, 306, 23, 3, 4275, 2),
(619, 3015, 307, 12, 22, 22068, 1),
(620, 3015, 308, 5, 15, 2184, 4),
(621, 3017, 304, 7, 1, 6890, 3),
(622, 3016, 305, 30, 20, 10786, 1),
(623, 3015, 306, 28, 25, 14618, 2),
(624, 3015, 307, 24, 18, 13495, 5),
(625, 3017, 308, 12, 14, 24676, 1),
(626, 3015, 304, 3, 20, 3715, 3),
(627, 3017, 305, 25, 21, 17335, 3),
(628, 3017, 306, 10, 15, 15487, 5),
(629, 3016, 307, 13, 29, 1702, 6),
(630, 3015, 308, 30, 8, 4881, 3),
(631, 3017, 304, 9, 6, 4231, 2),
(632, 3016, 305, 17, 9, 19271, 5),
(633, 3015, 306, 26, 3, 3245, 3),
(634, 3016, 307, 3, 19, 8733, 5),
(635, 3017, 308, 10, 2, 19098, 6),
(636, 3017, 304, 21, 5, 3724, 5),
(637, 3016, 305, 8, 5, 16632, 5),
(638, 3015, 306, 25, 19, 8348, 5),
(639, 3016, 307, 1, 25, 20718, 3),
(640, 3016, 308, 29, 19, 11624, 1),
(641, 3016, 304, 6, 30, 13884, 5),
(642, 3016, 305, 8, 23, 3849, 1),
(643, 3015, 306, 4, 21, 21915, 2),
(644, 3017, 307, 25, 29, 2077, 1),
(645, 3016, 308, 17, 18, 3025, 4),
(646, 3015, 304, 3, 12, 19586, 5),
(647, 3017, 305, 23, 11, 6271, 6),
(648, 3015, 306, 1, 27, 11147, 2),
(649, 3017, 307, 3, 22, 19857, 4),
(650, 3016, 308, 25, 12, 21621, 2),
(651, 3015, 304, 22, 6, 2513, 6),
(652, 3015, 305, 5, 12, 10340, 6),
(653, 3017, 306, 12, 19, 9979, 5),
(654, 3017, 307, 26, 24, 5531, 3),
(655, 3017, 308, 11, 24, 3096, 2),
(656, 3017, 304, 26, 16, 9219, 3),
(657, 3017, 305, 18, 26, 19063, 2),
(658, 3017, 306, 9, 27, 17035, 6),
(659, 3016, 307, 6, 27, 10706, 4),
(660, 3016, 308, 4, 17, 12364, 1),
(661, 3017, 304, 25, 14, 9815, 5),
(662, 3016, 305, 5, 10, 19847, 1),
(663, 3017, 306, 7, 21, 17537, 2),
(664, 3017, 307, 14, 13, 549, 1),
(665, 3016, 308, 14, 3, 9593, 6),
(666, 3016, 304, 4, 2, 12525, 4),
(667, 3017, 305, 12, 19, 584, 6),
(668, 3016, 306, 5, 6, 3654, 1),
(669, 3017, 307, 14, 15, 1372, 2),
(670, 3017, 308, 18, 9, 5899, 4),
(671, 3016, 304, 30, 9, 17837, 6),
(672, 3015, 305, 27, 4, 11262, 4),
(673, 3016, 306, 21, 3, 4309, 5),
(674, 3015, 307, 29, 24, 6414, 4),
(675, 3016, 308, 24, 12, 15310, 3),
(676, 3016, 304, 28, 29, 18433, 3),
(677, 3016, 305, 13, 15, 13758, 2),
(678, 3015, 306, 14, 12, 19902, 4),
(679, 3016, 307, 8, 25, 11649, 3),
(680, 3015, 308, 14, 3, 18701, 1),
(681, 3016, 304, 23, 18, 11487, 6),
(682, 3017, 305, 26, 21, 2485, 5),
(683, 3016, 306, 21, 30, 10655, 4),
(684, 3017, 307, 19, 15, 1938, 2),
(685, 3016, 308, 6, 20, 21392, 1),
(686, 3017, 304, 8, 28, 20955, 5),
(687, 3017, 305, 23, 24, 15232, 3),
(688, 3015, 306, 8, 18, 24017, 5),
(689, 3016, 307, 29, 6, 6910, 1),
(690, 3017, 308, 4, 11, 14800, 5),
(691, 3016, 304, 26, 3, 5761, 4),
(692, 3015, 305, 10, 13, 10969, 4),
(693, 3017, 306, 10, 14, 17549, 5),
(694, 3016, 307, 27, 30, 19660, 3),
(695, 3016, 308, 20, 6, 7265, 4),
(696, 3015, 304, 14, 15, 15907, 2),
(697, 3016, 305, 27, 2, 14378, 3),
(698, 3015, 306, 11, 24, 11112, 6),
(699, 3016, 307, 9, 14, 9429, 6),
(700, 3015, 308, 19, 3, 17393, 3),
(701, 3015, 304, 24, 9, 9719, 3),
(702, 3015, 305, 24, 11, 13535, 2),
(703, 3017, 306, 16, 16, 13674, 1),
(704, 3015, 307, 13, 30, 14994, 3),
(705, 3016, 308, 21, 19, 6124, 1),
(706, 3017, 304, 5, 3, 24549, 2),
(707, 3016, 305, 4, 14, 14228, 4),
(708, 3015, 306, 1, 18, 10958, 3),
(709, 3017, 307, 18, 28, 24533, 3),
(710, 3015, 308, 21, 26, 3836, 2),
(711, 3015, 304, 13, 25, 15191, 5),
(712, 3016, 305, 10, 18, 16461, 6),
(713, 3016, 306, 24, 9, 10678, 6),
(714, 3016, 307, 24, 29, 7322, 3),
(715, 3015, 308, 21, 29, 5501, 3),
(716, 3016, 304, 12, 8, 9893, 5),
(717, 3015, 305, 28, 13, 5250, 3),
(718, 3016, 306, 29, 29, 24715, 4),
(719, 3016, 307, 2, 28, 18855, 2),
(720, 3016, 308, 28, 22, 16471, 2),
(721, 3016, 304, 5, 16, 1061, 1),
(722, 3016, 305, 17, 29, 1024, 1),
(723, 3017, 306, 14, 27, 2931, 1),
(724, 3017, 307, 24, 10, 21104, 6),
(725, 3015, 308, 3, 30, 8103, 2),
(726, 3017, 304, 27, 23, 2858, 6),
(727, 3015, 305, 21, 2, 17997, 4),
(728, 3016, 306, 13, 15, 15093, 2),
(729, 3017, 307, 11, 29, 8297, 6),
(730, 3017, 308, 5, 17, 7406, 1),
(731, 3016, 304, 17, 4, 7145, 5),
(732, 3016, 305, 30, 8, 13577, 1),
(733, 3017, 306, 9, 18, 7146, 4),
(734, 3015, 307, 17, 3, 1565, 6),
(735, 3016, 308, 7, 26, 10057, 1),
(736, 3017, 304, 12, 30, 13907, 6),
(737, 3015, 305, 12, 4, 7294, 6),
(738, 3015, 306, 15, 24, 23045, 2),
(739, 3015, 307, 22, 4, 163, 2),
(740, 3015, 308, 22, 24, 19192, 1),
(741, 3015, 304, 19, 24, 10185, 5),
(742, 3017, 305, 24, 28, 21992, 4),
(743, 3015, 306, 26, 5, 21505, 1),
(744, 3016, 307, 7, 27, 17010, 4),
(745, 3016, 308, 11, 6, 16676, 5),
(746, 3016, 304, 21, 26, 20528, 3),
(747, 3015, 305, 16, 15, 348, 5),
(748, 3017, 306, 27, 15, 21786, 2),
(749, 3015, 307, 30, 8, 21236, 2),
(750, 3016, 308, 2, 5, 21300, 1),
(751, 3015, 304, 24, 22, 13157, 6),
(752, 3015, 305, 11, 9, 6856, 5),
(753, 3016, 306, 11, 26, 11617, 5),
(754, 3017, 307, 21, 27, 3231, 6),
(755, 3016, 308, 30, 7, 17523, 4),
(756, 3017, 304, 13, 18, 5972, 3),
(757, 3017, 305, 22, 18, 13548, 2),
(758, 3015, 306, 12, 4, 18848, 4),
(759, 3016, 307, 30, 30, 23595, 5),
(760, 3015, 308, 22, 25, 8198, 6),
(761, 3015, 304, 10, 27, 9563, 5),
(762, 3016, 305, 1, 8, 15850, 3),
(763, 3016, 306, 23, 14, 7524, 3),
(764, 3015, 307, 18, 1, 8222, 5),
(765, 3016, 308, 21, 6, 4860, 6),
(766, 3015, 304, 21, 6, 12964, 6),
(767, 3017, 305, 25, 25, 24566, 4),
(768, 3017, 306, 4, 11, 3209, 6),
(769, 3017, 307, 12, 8, 9265, 3),
(770, 3017, 308, 18, 6, 19617, 5),
(771, 3016, 304, 16, 13, 18727, 6),
(772, 3017, 305, 16, 2, 19844, 4),
(773, 3015, 306, 9, 10, 20016, 6),
(774, 3016, 307, 26, 26, 12718, 6),
(775, 3016, 308, 8, 19, 655, 1),
(776, 3017, 304, 20, 17, 17223, 6),
(777, 3015, 305, 9, 14, 13268, 4),
(778, 3015, 306, 4, 30, 3475, 2),
(779, 3016, 307, 29, 23, 22339, 6),
(780, 3017, 308, 2, 4, 7259, 2),
(781, 3015, 304, 8, 30, 17035, 3),
(782, 3017, 305, 30, 6, 10102, 2),
(783, 3017, 306, 30, 27, 23686, 3),
(784, 3015, 307, 16, 10, 15966, 6),
(785, 3017, 308, 6, 15, 17418, 6),
(786, 3015, 304, 20, 23, 7011, 1),
(787, 3016, 305, 8, 27, 22891, 2),
(788, 3017, 306, 29, 27, 1698, 5),
(789, 3017, 307, 21, 13, 8971, 4),
(790, 3015, 308, 22, 4, 1291, 5),
(791, 3017, 304, 29, 16, 8874, 4),
(792, 3017, 305, 10, 30, 15161, 6),
(793, 3015, 306, 20, 23, 12515, 3),
(794, 3016, 307, 2, 5, 7883, 6),
(795, 3015, 308, 19, 7, 18328, 1),
(796, 3015, 304, 23, 30, 8085, 5),
(797, 3017, 305, 30, 7, 11814, 2),
(798, 3016, 306, 7, 9, 11102, 1),
(799, 3016, 307, 26, 26, 2093, 1),
(800, 3015, 308, 4, 20, 19180, 6),
(801, 3017, 304, 5, 2, 11177, 2),
(802, 3016, 305, 12, 7, 9838, 5),
(803, 3016, 306, 1, 22, 12186, 2),
(804, 3016, 307, 2, 25, 6168, 5),
(805, 3017, 308, 16, 10, 6614, 4),
(806, 3015, 304, 24, 28, 5495, 6),
(807, 3017, 305, 30, 18, 7143, 1),
(808, 3017, 306, 29, 2, 8270, 2),
(809, 3017, 307, 5, 7, 13931, 2),
(810, 3016, 308, 1, 13, 872, 2),
(811, 3017, 304, 2, 18, 14322, 2),
(812, 3015, 305, 26, 22, 20012, 1),
(813, 3017, 306, 27, 21, 24676, 2),
(814, 3017, 307, 16, 10, 12345, 2),
(815, 3016, 308, 23, 29, 13816, 1),
(816, 3015, 304, 8, 3, 4086, 5),
(817, 3015, 305, 9, 20, 2059, 3),
(818, 3015, 306, 12, 28, 20579, 5),
(819, 3017, 307, 17, 2, 1135, 5),
(820, 3015, 308, 22, 20, 11467, 6),
(821, 3015, 304, 16, 22, 19262, 3),
(822, 3015, 305, 9, 2, 2858, 5),
(823, 3016, 306, 15, 10, 15714, 3),
(824, 3015, 307, 2, 21, 19597, 1),
(825, 3017, 308, 23, 29, 7765, 6),
(826, 3016, 304, 11, 20, 7333, 4),
(827, 3015, 305, 16, 12, 19354, 3),
(828, 3015, 306, 28, 21, 2591, 4),
(829, 3016, 307, 23, 5, 12837, 1),
(830, 3017, 308, 23, 23, 6870, 6),
(831, 3015, 304, 2, 29, 18480, 2),
(832, 3015, 305, 3, 6, 19747, 3),
(833, 3016, 306, 19, 27, 19290, 5),
(834, 3016, 307, 6, 10, 12684, 2),
(835, 3015, 308, 1, 29, 6707, 4),
(836, 3015, 304, 1, 4, 3427, 5),
(837, 3015, 305, 2, 25, 9423, 4),
(838, 3015, 306, 22, 20, 17657, 5),
(839, 3017, 307, 1, 16, 24650, 6),
(840, 3015, 308, 13, 4, 7915, 5),
(841, 3015, 304, 15, 2, 5968, 1),
(842, 3017, 305, 12, 23, 5592, 4),
(843, 3016, 306, 24, 18, 21448, 4),
(844, 3015, 307, 5, 18, 13334, 5),
(845, 3017, 308, 3, 15, 22956, 2),
(846, 3016, 304, 7, 14, 14177, 3),
(847, 3016, 305, 17, 20, 5564, 5),
(848, 3015, 306, 29, 15, 24174, 1),
(849, 3016, 307, 30, 3, 17904, 4),
(850, 3015, 308, 1, 18, 13348, 6),
(851, 3017, 304, 2, 4, 16551, 2),
(852, 3016, 305, 21, 22, 2521, 3),
(853, 3017, 306, 27, 23, 9796, 6),
(854, 3017, 307, 4, 16, 22359, 5),
(855, 3016, 308, 18, 1, 4675, 3),
(856, 3015, 304, 14, 28, 18420, 1),
(857, 3016, 305, 10, 15, 1950, 2),
(858, 3017, 306, 13, 29, 11550, 2),
(859, 3015, 307, 28, 10, 4588, 6),
(860, 3015, 308, 26, 26, 159, 3),
(861, 3017, 304, 20, 12, 5328, 5),
(862, 3017, 305, 12, 25, 11676, 5),
(863, 3017, 306, 13, 18, 2334, 3),
(864, 3017, 307, 12, 22, 14671, 4),
(865, 3015, 308, 1, 17, 23794, 6),
(866, 3015, 304, 13, 26, 7441, 3),
(867, 3016, 305, 20, 5, 6643, 3),
(868, 3017, 306, 30, 26, 734, 2),
(869, 3017, 307, 18, 2, 4918, 4),
(870, 3015, 308, 4, 19, 18757, 1),
(871, 3015, 304, 3, 24, 9742, 3),
(872, 3016, 305, 8, 9, 22669, 3),
(873, 3015, 306, 24, 27, 13316, 1),
(874, 3017, 307, 7, 9, 23173, 5),
(875, 3015, 308, 8, 5, 5765, 5),
(876, 3016, 304, 10, 8, 16151, 1),
(877, 3017, 305, 24, 6, 19411, 2),
(878, 3016, 306, 13, 3, 44, 2),
(879, 3017, 307, 9, 24, 5909, 2),
(880, 3015, 308, 25, 3, 6577, 2),
(881, 3015, 304, 13, 26, 15001, 6),
(882, 3015, 305, 18, 3, 19949, 1),
(883, 3016, 306, 23, 16, 9951, 2),
(884, 3016, 307, 15, 9, 10493, 6),
(885, 3016, 308, 18, 6, 2591, 1),
(886, 3015, 304, 12, 3, 10041, 3),
(887, 3016, 305, 12, 23, 18997, 4),
(888, 3017, 306, 22, 20, 3100, 4),
(889, 3015, 307, 30, 26, 22811, 6),
(890, 3015, 308, 27, 4, 10223, 1),
(891, 3015, 304, 9, 2, 21207, 5),
(892, 3015, 305, 19, 2, 16593, 2),
(893, 3017, 306, 28, 27, 22662, 1),
(894, 3015, 307, 25, 10, 21200, 6),
(895, 3015, 308, 5, 22, 9891, 2),
(896, 3016, 304, 22, 30, 20712, 1),
(897, 3017, 305, 25, 3, 15258, 3),
(898, 3015, 306, 26, 13, 9808, 1),
(899, 3016, 307, 2, 14, 538, 4),
(900, 3015, 308, 17, 24, 955, 3),
(901, 3015, 304, 18, 29, 24076, 4),
(902, 3015, 305, 9, 6, 4098, 6),
(903, 3017, 306, 12, 22, 22610, 6),
(904, 3016, 307, 13, 27, 22655, 6),
(905, 3015, 308, 6, 9, 2425, 1),
(906, 3016, 304, 25, 9, 5636, 5),
(907, 3016, 305, 11, 28, 19563, 3),
(908, 3016, 306, 18, 13, 2020, 3),
(909, 3016, 307, 3, 29, 2905, 4),
(910, 3017, 308, 19, 7, 14129, 3),
(911, 3015, 304, 22, 24, 12849, 5),
(912, 3015, 305, 27, 1, 1021, 2),
(913, 3015, 306, 10, 2, 8904, 5),
(914, 3015, 307, 11, 7, 20563, 1),
(915, 3017, 308, 15, 13, 8905, 2),
(916, 3016, 304, 10, 8, 11790, 4),
(917, 3015, 305, 7, 26, 12338, 2),
(918, 3017, 306, 14, 10, 24952, 2),
(919, 3015, 307, 14, 13, 8539, 6),
(920, 3016, 308, 16, 26, 7198, 4),
(921, 3015, 304, 19, 5, 12183, 5),
(922, 3017, 305, 1, 23, 1750, 6),
(923, 3016, 306, 1, 12, 6770, 6),
(924, 3015, 307, 12, 11, 20096, 1),
(925, 3017, 308, 4, 7, 1298, 1),
(926, 3015, 304, 24, 7, 21248, 4),
(927, 3015, 305, 4, 1, 13539, 6),
(928, 3015, 306, 28, 1, 22317, 2),
(929, 3017, 307, 23, 2, 9066, 1),
(930, 3016, 308, 15, 20, 6936, 4),
(931, 3016, 304, 26, 30, 1410, 2),
(932, 3017, 305, 13, 30, 20986, 1),
(933, 3016, 306, 3, 17, 24299, 6),
(934, 3016, 307, 5, 3, 14846, 6),
(935, 3016, 308, 24, 30, 2405, 1),
(936, 3015, 304, 3, 13, 16927, 4),
(937, 3015, 305, 5, 20, 13529, 4),
(938, 3016, 306, 19, 13, 12298, 3),
(939, 3015, 307, 27, 10, 24754, 1),
(940, 3016, 308, 20, 19, 20577, 6),
(941, 3017, 304, 11, 19, 6371, 1),
(942, 3015, 305, 4, 16, 684, 6),
(943, 3017, 306, 8, 10, 1286, 2),
(944, 3017, 307, 5, 22, 9428, 3),
(945, 3017, 308, 19, 19, 1186, 6),
(946, 3017, 304, 26, 13, 17125, 4),
(947, 3017, 305, 6, 3, 3753, 5),
(948, 3016, 306, 1, 28, 10968, 1),
(949, 3017, 307, 3, 23, 9800, 6),
(950, 3017, 308, 7, 7, 15417, 2),
(951, 3017, 304, 4, 30, 8757, 2),
(952, 3016, 305, 1, 9, 10334, 6),
(953, 3015, 306, 2, 21, 13853, 1),
(954, 3017, 307, 7, 28, 19621, 4),
(955, 3017, 308, 28, 6, 15013, 5),
(956, 3017, 304, 8, 18, 9802, 5),
(957, 3017, 305, 29, 11, 10116, 2),
(958, 3015, 306, 14, 29, 16549, 1),
(959, 3015, 307, 12, 23, 12700, 1),
(960, 3016, 308, 14, 10, 11188, 2),
(961, 3015, 304, 9, 11, 15732, 6),
(962, 3015, 305, 23, 5, 9162, 4),
(963, 3017, 306, 23, 29, 8251, 5),
(964, 3017, 307, 13, 4, 17928, 2),
(965, 3016, 308, 10, 24, 22867, 6),
(966, 3015, 304, 12, 27, 5961, 5),
(967, 3016, 305, 22, 22, 23454, 4),
(968, 3017, 306, 21, 20, 22232, 3),
(969, 3015, 307, 27, 20, 12398, 2),
(970, 3017, 308, 26, 10, 11171, 5),
(971, 3017, 304, 12, 4, 21287, 5),
(972, 3016, 305, 29, 30, 15810, 6),
(973, 3015, 306, 6, 9, 19471, 5),
(974, 3016, 307, 28, 12, 15860, 4),
(975, 3016, 308, 19, 26, 969, 3),
(976, 3017, 304, 19, 9, 17043, 5),
(977, 3017, 305, 7, 27, 20387, 2),
(978, 3016, 306, 21, 26, 23603, 3),
(979, 3016, 307, 1, 28, 17424, 5),
(980, 3015, 308, 18, 1, 2719, 4),
(981, 3015, 304, 14, 11, 22882, 5),
(982, 3016, 305, 10, 21, 18378, 6),
(983, 3015, 306, 2, 23, 9742, 2),
(984, 3016, 307, 18, 16, 20245, 1),
(985, 3016, 308, 8, 11, 23662, 5),
(986, 3017, 304, 8, 24, 3966, 6),
(987, 3015, 305, 29, 23, 11009, 4),
(988, 3016, 306, 29, 10, 17906, 1),
(989, 3015, 307, 25, 6, 22783, 1),
(990, 3015, 308, 28, 2, 589, 1),
(991, 3016, 304, 25, 14, 10437, 5),
(992, 3015, 305, 4, 12, 13686, 1),
(993, 3017, 306, 8, 9, 137, 4),
(994, 3015, 307, 2, 24, 18514, 4),
(995, 3017, 308, 26, 22, 15798, 1),
(996, 3016, 304, 11, 24, 2924, 5),
(997, 3016, 305, 25, 6, 11726, 3),
(998, 3017, 306, 28, 29, 11359, 6),
(999, 3015, 307, 6, 21, 2824, 4),
(1000, 3016, 308, 14, 11, 17633, 1);

-- --------------------------------------------------------

--
-- Table structure for table `grouptb`
--

CREATE TABLE `grouptb` (
  `groupID` int(11) NOT NULL,
  `groupName` varchar(50) NOT NULL
) ENGINE=InnoDB DEFAULT CHARSET=utf8;

--
-- Dumping data for table `grouptb`
--

INSERT INTO `grouptb` (`groupID`, `groupName`) VALUES
(0, 'Spanish with authorAlpha'),
(1, 'Spanish with authorAlpha 2'),
(2, 'Spanish with authorAlpha 3');

-- --------------------------------------------------------

--
-- Table structure for table `group_user`
--

CREATE TABLE `group_user` (
  `groupID` int(11) NOT NULL,
  `userID` int(11) NOT NULL,
  `isAdmin` tinyint(1) NOT NULL
) ENGINE=InnoDB DEFAULT CHARSET=utf8;

--
-- Dumping data for table `group_user`
--

INSERT INTO `group_user` (`groupID`, `userID`, `isAdmin`) VALUES
(0, 3001, 1),
(0, 3002, 0),
(0, 3047, 0),
(1, 3001, 1),
(1, 3032, 0),
(1, 3033, 0),
(1, 3034, 0),
(1, 3036, 0),
(1, 3038, 0),
(1, 3039, 0),
(2, 3001, 1),
(2, 3035, 0),
(2, 3037, 0),
(2, 3040, 0),
(2, 3049, 0);

-- --------------------------------------------------------

--
-- Table structure for table `images`
--

CREATE TABLE `images` (
  `cardID` int(11) NOT NULL,
  `imageLocation` varchar(225) NOT NULL
) ENGINE=InnoDB DEFAULT CHARSET=utf8;

--
-- Dumping data for table `images`
--

INSERT INTO `images` (`cardID`, `imageLocation`) VALUES
(0, './Images/0000Face.jpg'),
(1, './Images/0001Leg.jpg'),
(2, './Images/0002World.jpg'),
(3, './Images/0003Salt.jpg'),
(4, './Images/0004Hand.jpg'),
(5, './Images/0005Stomach.jpg'),
(6, './Images/0006Nose.jpg'),
(7, './Images/0007Mouth.jpg'),
(8, './Images/0008Meat.jpg'),
(9, './Images/0009Person.jpg'),
(10, './Images/0010Star.jpg'),
(11, './Images/0011Sun.jpg'),
(12, './Images/0012House.jpg'),
(13, './Images/0013Head.jpg'),
(14, './Images/0014Ear.jpg'),
(15, './Images/0015Snow.jpg'),
(16, './Images/0016Cloud.jpg'),
(17, './Images/0017Mountain.jpg'),
(18, './Images/0018Medicine.jpg'),
(19, './Images/0019Water.jpg'),
(20, './Images/0020Fire.jpg'),
(21, './Images/0000.png'),
(22, './Images/0001.png'),
(23, './Images/0002.jpg'),
(24, './Images/0003.png'),
(25, './Images/0004.png'),
(26, './Images/0005.jpg'),
(27, './Images/0006.png'),
(28, './Images/0007.jpg'),
(29, './Images/0008.jpg'),
(30, './Images/0009jpg'),
(31, './Images/0010.jpg'),
(32, './Images/0011.jpg'),
(33, './Images/00330000Face.jpg'),
(34, './Images/00340001Leg.jpg'),
(35, './Images/00350002World.jpg'),
(36, './Images/00360003Salt.jpg'),
(37, './Images/00370004Hand.ogg'),
(38, './Images/00380009.jpg'),
(39, './Images/0039helium.png'),
(40, './Images/0040Neon.png'),
(41, './Images/0041Argon.png'),
(42, './Images/0042Krypton.png'),
(43, './Images/0043Xenon.png'),
(44, './Images/0044Radon.png'),
(45, './Images/0045Argon.png'),
(46, './Images/0046Cadmium.png'),
(47, './Images/0047Calcium.png'),
(48, './Images/0048Carbon.png'),
(49, './Images/0049Chlorine.png'),
(50, './Images/0050Copernicium.png'),
(51, './Images/0051helium.png'),
(52, './Images/0052Krypton.png'),
(53, './Images/0053Magnesium.png'),
(54, './Images/0054Manganese.png'),
(55, './Images/0055Molybdenur.png'),
(56, './Images/0056Neon.png'),
(57, './Images/0057Potassium.png'),
(58, './Images/0058Radium.png'),
(59, './Images/0059Radon.png'),
(60, './Images/0060Rhenium.png'),
(61, './Images/0061Rhodium.png'),
(62, './Images/0062Ruthenium.png'),
(63, './Images/0063Scandium.png'),
(64, './Images/0064Silicon.png'),
(65, './Images/0065Silver.png'),
(66, './Images/0066Vanadium.png'),
(67, './Images/0067Xenon.png'),
(68, './Images/0068Ytterbium.png'),
(69, './Images/0069Yttrium.png');

-- --------------------------------------------------------

--
-- Table structure for table `loggedanswers`
--

CREATE TABLE `loggedanswers` (
  `qaFormat` varchar(50) NOT NULL,
  `cardID` int(11) NOT NULL,
  `roundID` int(11) NOT NULL,
  `numWrongAnswers` int(11) NOT NULL,
  `numCorrectAnswers` int(11) NOT NULL,
  `avgElapsedTime` varchar(15) DEFAULT NULL
) ENGINE=InnoDB DEFAULT CHARSET=utf8;

--
-- Dumping data for table `loggedanswers`
--

INSERT INTO `loggedanswers` (`qaFormat`, `cardID`, `roundID`, `numWrongAnswers`, `numCorrectAnswers`, `avgElapsedTime`) VALUES
('End->SND', 7, 26, 0, 1, '00:01:00'),
('End->SND', 8, 26, 0, 2, '00:00:30'),
('Eng->Tran', 10, 25, 0, 1, '00:01:00'),
('Eng->Tran', 10, 26, 0, 1, '00:01:00'),
('Snd->Eng', 4, 26, 0, 1, '00:01:00'),
('Snd->Img', 2, 25, 0, 1, '00:01:00'),
('Snd->Img', 6, 26, 1, 0, '00:01:00'),
('Snd->Tran', 10, 25, 0, 1, '00:01:00'),
('Tran->Img', 3, 25, 0, 1, '00:01:00'),
('Tran->Img', 4, 25, 0, 1, '00:01:00');

-- --------------------------------------------------------

--
-- Table structure for table `round`
--

CREATE TABLE `round` (
  `roundID` int(11) NOT NULL,
  `sessionID` int(11) NOT NULL,
  `roundNumber` int(11) NOT NULL,
  `startTime` varchar(15) NOT NULL,
  `endTime` varchar(15) NOT NULL,
  `elapsedTime` varchar(15) DEFAULT NULL
) ENGINE=InnoDB DEFAULT CHARSET=utf8;

--
-- Dumping data for table `round`
--

INSERT INTO `round` (`roundID`, `sessionID`, `roundNumber`, `startTime`, `endTime`, `elapsedTime`) VALUES
(25, 100, 1, '18:30:00', '18:35:00', '00:05:00'),
(26, 100, 2, '18:35:01', '18:40:01', '00:05:00');

-- --------------------------------------------------------

--
-- Table structure for table `session`
--

CREATE TABLE `session` (
  `sessionID` int(11) NOT NULL,
  `userID` int(11) NOT NULL,
  `totalWrongAnswers` int(11) NOT NULL,
  `totalCorrectAnswers` int(11) NOT NULL,
  `sessionDate` varchar(15) NOT NULL,
  `responseScore` int(11) NOT NULL,
  `playerScore` int(11) NOT NULL,
  `elapsedTime` varchar(15) NOT NULL
) ENGINE=InnoDB DEFAULT CHARSET=utf8;

--
-- Dumping data for table `session`
--

INSERT INTO `session` (`sessionID`, `userID`, `totalWrongAnswers`, `totalCorrectAnswers`, `sessionDate`, `responseScore`, `playerScore`, `elapsedTime`) VALUES
(100, 3002, 1, 10, '2018-10-11', 31, 75, '00:10:00');

-- --------------------------------------------------------

--
-- Table structure for table `tokens`
--

CREATE TABLE `tokens` (
  `expired` varchar(45) NOT NULL
) ENGINE=InnoDB DEFAULT CHARSET=utf8;

--
-- Dumping data for table `tokens`
--

INSERT INTO `tokens` (`expired`) VALUES
('24da6796-f3d2-469f-90d7-e3272ad4f0ce'),
('b80145d9-32bd-4b1b-950e-93924504e539'),
('c2c9119e-8b86-4cb4-aa65-79a8d50f5355'),
('5816ba00-b8e7-4e90-b9a0-fb71d6df54fe'),
('92f0152f-c29f-45e0-a71e-08e6aa679029'),
('86dfb81a-d87d-48a5-b3ed-9acba2366fed'),
('64e0e3b9-0f4a-44c1-ab82-c60b5ff96b68'),
('f4927221-5a23-4b31-a1cd-a88437ff4d4a'),
('c1eee5f6-46aa-40e1-bf0b-b3e0ce0afc9d'),
('db416eb8-6f9a-4432-ad86-baeceb5e496e'),
('1fbd138b-bbce-47c3-8b71-45fed6ac2c2a'),
('3d90db57-5b18-452a-b80a-84139aa35d07'),
('a3042742-38d5-4e83-83d2-d1770d1dd171'),
('80906635-c8c2-4259-a9c2-654f2700b577'),
('199c6599-c90c-4f37-8e3b-2a7537c0e711'),
('cd5c5e60-8e36-4320-a6f5-3070b8cea9ab'),
('db731d07-61cb-4a01-908a-73040b2389d9'),
('ff9e3de1-cd54-472a-971b-466ecd43ea26'),
('982c4af8-ff8e-46c0-a95f-76d3d65d1339'),
('658e03e6-c767-475c-90a0-085293e189c6'),
('31511548-6f3a-42bf-b3ec-732656e22248'),
('d2f12c13-478b-4654-b51e-6e8f43f6a643'),
('7b0b6746-5217-45c1-a670-8718a83309d3'),
('014fccfe-400a-43cc-9502-4dd94e60f53c'),
('c594a6d5-dbca-4e4d-85ce-fe4fb006d8ec'),
('a305be4c-4b01-415a-8058-0e31a30cadfa'),
('a7da58c3-7629-4f83-b4db-b70b5cdeb935'),
('6eaa75ce-c016-4193-bc20-6ef2ea6302da'),
('a7da58c3-7629-4f83-b4db-b70b5cdeb935'),
('e4b6b80c-23e5-4f3a-a81d-39b3b2b167dd'),
('2a0fc946-0899-46b1-8a39-51fcb80f2e6e'),
('b97b3a4c-dcec-4b7e-b7d0-fe99979b6f95'),
('61737a5a-a523-46c2-ab93-0bcb5ffe3e2c'),
('556a7d7d-b969-4be2-839b-c4617aa8291e'),
('6b223e53-5e75-47ad-9402-8d049a25183e'),
('08d37387-9a2b-4d1f-8043-2419876ea489'),
('00bdf91d-9fc6-4dbe-98ce-4b9277e368eb'),
('cb72416a-0424-48d7-ae77-1f30b087f5f8'),
('3c77a907-c2a1-4aa0-85a2-21896495a6ff'),
('9dfb5e38-c549-4a61-9378-ab2d98137a17'),
('0eb6c35b-2e20-4052-aed8-80301563a187'),
('86b8843a-78b5-4214-babd-7801e5cf00c8'),
('5911160a-3d86-4d28-9b7b-cf0706dc6332'),
('7a83f27b-e483-4fda-9703-efc6e5ee8586'),
('6dfa9d35-4142-4d5d-a85e-5242a3da2fa2'),
('44daf689-11e1-495f-9f63-c947ec263b11'),
('b89fd59e-f731-49b2-9847-2fb87195870a'),
('a47682ee-e259-4291-83c0-1c464e0b9409'),
('6b745558-ce31-43f1-a3b3-615f73280ed4'),
('5d00e00e-52cc-41f1-86b0-edbc0dfe7b1b'),
('efd03961-9f92-4f5d-b44b-a4ba258fa46c'),
('12b234d6-b858-4a55-913b-f84c9021f3b2'),
('6137936c-3c54-4834-9411-562f7da63ebe'),
('1e16e58e-db67-43c9-9717-61faf3837d90'),
('0050806b-72eb-4c13-a685-9f586e184a0c'),
('16d2080f-4e35-4977-815f-dac9c16360f8'),
('25761a0f-c47d-4416-81c0-be9d8bce4ea7'),
('34455860-f462-4901-85c4-851c6182719b'),
('00a36791-110e-4581-bee3-fd15454a44a1'),
('ce98bc8c-fe47-4613-8ad9-cb314ed7c912'),
('3e2583e6-8bc1-4d50-b189-8e68f1632cae'),
('11a931da-2aa8-4213-85e7-0f2339d97464'),
('11a931da-2aa8-4213-85e7-0f2339d97464'),
('fdc019a4-8768-40b7-ad7d-415fb5f1302e'),
('f419f242-ece8-4f0c-8d54-c00ce84f873a'),
('93659e9a-4443-485a-8dd6-9df4d8f575da'),
('f419f242-ece8-4f0c-8d54-c00ce84f873a'),
('a0a4f6f3-2be4-4c10-85ba-ae20a9147b84'),
('147c0448-5c1e-41e7-a712-0d420a13f01b'),
('9f233dcd-24fa-4084-9cd2-749fba8158ba'),
('e8b92c4e-6a87-4be2-99d1-92efcfd1f822'),
('5da138f8-b50e-4236-b53e-f7607bcfb0da'),
('a9579ec6-8321-4bed-9173-c382e52e06e6'),
('6f9fc955-43db-42bb-aebf-630fa3c20b9f'),
('54aeadf5-925e-4218-b8dc-2196c4757181'),
('a0a4f6f3-2be4-4c10-85ba-ae20a9147b84'),
('c059fc71-4c0d-414b-868c-2c77b83de9bc'),
('57312194-1680-4544-b5f3-f83cccbb0705'),
('889c8336-a396-430e-bea8-f26286014ee8'),
('f8b918e8-d3bb-4958-bf8a-35e0464bcd8e'),
('5e973d5e-bc0a-4b2b-8e6e-3ead08fbb289'),
('2501f436-947a-427d-96a0-36e5bcd0002b'),
('8cbac299-75ec-4935-ab17-93a285de9ceb'),
('f739ffa2-3f42-4adb-914f-6f25a38c6881'),
('cb7368a0-30e9-49b7-8661-0d523e3672a8'),
('786e2f0c-c309-4e0a-9e0c-9fe4c0c93df8'),
('d68121a8-59e2-4af8-883a-3b925c8d0c7c'),
('ba645a68-f0cd-4db8-a3af-08ef6723a7d5'),
('d346e2b6-9bb4-4386-a3fb-91ac1836d652'),
('24cc3edd-8959-4227-b376-4e0a2dd2d15d'),
('2a63a980-e9a9-44cf-bcda-43249c0dfc8b'),
('44c6b2a4-0ee0-488b-922f-6a7207885401'),
('69658646-7ec3-4408-bab3-d6658b73b782'),
('f5e7b267-fb36-4282-809a-28b0a37b4b2e'),
('ae1cdfc4-9f09-4fa9-a16f-0180513cfbff'),
('3f09dc73-51e8-4a55-9cb2-d9ae760dfd38'),
('d36df03c-51c5-43da-a0d0-977098a20a81'),
('ec4d5267-5b45-4ecd-9c21-e37356827c96'),
('d37acd00-af5d-41ab-8a9d-e431425ee9a6'),
('18c5d905-411d-4d69-a1dc-1f4887b397e0'),
('eac12404-fd73-4d25-be59-15e3e0a720d8'),
('f621b475-6c78-4070-a747-0fdcf3ed499e'),
('b35d9c64-5948-4f53-ba8e-859be952b96f'),
('db49dd33-02aa-4476-8253-5fd36ad74b65'),
('7f00d9d3-f38c-472a-9f6d-31175766858e'),
('f2b3428d-6fe2-43f3-8dd6-96c6fec111c5'),
('fb1b9163-c37d-4aee-8490-f92fc7d0fe3f'),
('147b651f-5a37-4d81-89eb-38920a1db449'),
('6fbe3124-674a-41e3-a65a-d670a65a5451'),
('5e6b46ad-b275-498a-803c-d6bba1bd5176'),
('f60211af-0191-4e21-9252-7234b6b35b1c'),
('46c14563-023b-40df-a45c-408a8955d70c'),
('7d1a62fa-c821-4b9f-92f6-3c8ad1fb3a8b'),
('c65326f0-7d29-4f8d-8496-c115607bc1e2'),
('b57d172d-c438-4f0d-8958-4a44105afcd6'),
('4b873148-cd39-49f3-a182-ffb5cea139b0'),
('2842c6bc-db52-4d9a-b19f-23213a59379a'),
('8de422ed-63d0-4b37-bfaa-0fdde1bb3494'),
('64c3f0bc-bbe2-426d-9bbf-1e873a1a2dda'),
('03fd33ac-d49c-4e0b-8f4f-30be1a25032c'),
('57162d53-1b9a-4737-8e97-0c5b350e2427'),
('46f48a83-329e-4f63-83fc-b1728c546c78'),
('3c21933d-00e3-448e-8007-4ea0343adfa7'),
('d6ccd42d-1c15-49d8-af75-3c60e1accd5f'),
('aed646a8-4cf1-44da-953c-86567e15c043'),
('1ba4a1a0-d42b-4bd7-a2c9-4d5bc61a6ac4'),
('7b76680a-47a2-4d84-8afd-a4bb143be4bf'),
('a794f2ef-c1d8-4598-a512-216e12f7e743'),
('f4d1067c-64d0-4167-bbb4-14096229cda0'),
('e93911ea-550a-448b-be2f-c4bfb548b84e'),
('5005ad91-d93c-40bd-8c49-bc77abf8b631'),
('d7b8efca-4304-4c86-a8cd-59da21ecff5d'),
('e109997d-c1d9-4e8f-950c-a03cc8647370'),
('a0a4f6f3-2be4-4c10-85ba-ae20a9147b84'),
('4acbd4a1-d4c0-40ce-80b7-b642589aa54c'),
('631643bc-7df9-42a7-920c-212236bae268'),
('e3f6d1e7-a708-4137-8893-2d565b026333'),
('a0a4f6f3-2be4-4c10-85ba-ae20a9147b84'),
('5bc7b811-b255-439d-94e4-ca32fc15c9c5'),
('de2e479f-6b1d-495d-b0c1-6f24c0f13bf2'),
('f6b8a965-c358-4581-b798-4b5c7e433157'),
('fa611552-e579-4e71-a40e-8267b9f4803f'),
('a0a4f6f3-2be4-4c10-85ba-ae20a9147b84'),
('59784f9c-f032-40ec-a080-f09f8d3f67f1'),
('69aaf6e9-07c1-4f86-b8f9-00c274cfd8c5'),
('a1ca3aac-d109-46ac-84a5-ed146788802f'),
('b0727239-bb1b-469a-a05e-e99ec6ff2c03'),
('32963057-0466-4f4a-8942-b73dc687753c'),
('8fdc2527-f88c-4cc7-8ae6-ffbcdc343b46'),
('19aa3d96-561c-4ad1-8c5e-c6ddabb5358b'),
('edad4c80-64b4-4be5-a3a6-c8383e701c50'),
('585fce1c-4434-413a-8a6c-520de8141d6b'),
('0fe88a28-c17f-4f88-9a1b-6b0dbeff7d31'),
('49d4079b-fbb3-401e-ac1d-4f1e5d21dde9'),
('a90ee66b-d446-46f8-ab5f-8cc574c232a3'),
('78cfbadb-fd2c-48be-b360-c17f5bf3625e'),
('017b3294-0627-4322-b7f3-2ec88a3f5048'),
('a2255339-0636-4b28-9d79-1977989c0910'),
('50212770-7596-43aa-9440-ffbde6a68795'),
('ce1a8000-b1b2-4650-9ccb-b43e840ff93a'),
('456d5781-7f96-4184-ab66-c5d3580cc52e'),
('1c596d00-b745-469b-aa1a-9303cdf1db49'),
('b28c432d-c0cf-41e0-9176-2b702898cca7'),
('36061e76-0466-40b0-a010-e4bac59238dd'),
('ed50b605-dc16-4900-90c0-dd957c591161'),
('4528c994-9885-4696-a07a-23695b37b510'),
('1cba54d0-1d27-48d1-819b-a7be759b00a8'),
('b0241cd8-68ad-4585-ac4e-6a67bb3584d4'),
('1073f060-22ba-4deb-b7b0-9f77c4911d8d'),
('8b4acabd-7b58-4e3e-8708-14de3be69006'),
('b107d84c-b7f0-44bb-9b59-1788d0877c92'),
('bca3b58a-f2a4-48e3-9951-8962e84faf1e'),
('b06a3922-e639-48c4-9e05-1aa9d9816e35'),
('b4a651f6-602c-4ff6-addc-b94a9b4c8649'),
('99d388b7-1a0b-41fa-bc6d-5a245e3089a9'),
('0f9780bf-4ab0-49d4-ae7b-cc15ef4bde69'),
('232fc458-fc2d-4093-bfa5-2873c3a5b65b'),
('0abfbd1a-ecab-45b3-a1b6-803a3d531270'),
('0abfbd1a-ecab-45b3-a1b6-803a3d531270'),
('333b7179-247f-42fe-af76-7e83cea2327d'),
('3f5b105f-d667-4fb8-b216-62ac1919cdfc'),
('4f012a2a-d104-4ea3-ae31-589b9004f012'),
('c02f2797-7f8f-4317-b9b4-947768fe2c55'),
('4777504c-5bff-49c3-9d24-38a5dd360755'),
('c2a27a3f-a10e-4212-af5d-f5eaae55b92c'),
('79fa3cfa-3bb5-42c2-9cd7-88b88bb58720'),
('1e28cc9e-86f0-4305-b35e-bcd13d4b2f7e'),
('e6f3d8b8-633d-4ce7-94af-98e97c41871d'),
('6f24df01-8662-4672-8ba8-d4d6327bfca8'),
('f43354a3-4406-4e88-889c-ff6134fb0528'),
('019744aa-d0b6-431d-bbc0-ee235903dceb'),
('2d037093-608e-4d7b-9c33-347de9f2fbb2'),
('0f1a2130-3276-46ac-92ee-afbd862236ee'),
('5f5057bb-a4db-4e0b-9060-bbe2a6677087'),
('1464f525-9c55-4776-a9b9-b6de78ac2fd6'),
('5cfb4ed5-1856-4375-8a79-d502a041d513'),
('24b598d2-4171-469d-8491-228fe8eeeda9'),
('f73161b0-adf7-4ab7-8116-03d3f1d23a0c'),
('ad207041-8d5b-4f22-bb8c-fec7fca000fb'),
('d7a44f10-6a53-4a29-a57c-819512428451'),
('7c35ff65-22a7-4c03-bc19-45f0c1f3bd55'),
('68c03c77-c92f-4afd-bc61-fde18a34a3f2'),
('0694b941-30b3-4a3a-a08c-a6ddd79e5de0'),
('e4471833-2f6c-48db-b281-568786412a82'),
('4c6431f9-2cbc-4bf5-84ef-1a421a7d0f84'),
('36ff2ed5-890e-4276-b877-a8f46d05de63'),
('4519aca2-6b69-48b9-98a0-537b07f92c38'),
('457d8fc9-ab6f-4d85-a550-26571c77673e'),
('c9116f72-19a3-4928-bd22-31d6f753e3c7'),
('48eac799-a49f-4fef-8d05-a89bf87cf43e'),
('0d7df524-7e46-4a5b-bedc-1d865b3e58d9'),
('1b693cbb-5a02-46c9-8cb4-68dc8b707234'),
('ba4236eb-3116-4312-97ef-5775b3afb704'),
('22025281-f575-4d15-818e-161fc3830e2b'),
('a9ed94e6-3b55-40ad-8e05-7e081a1ed6b9'),
('61f25114-adcd-4caf-9b23-45f794ad53e7'),
('a00800a3-b25c-481f-9043-bcf259e77176'),
('870de8a1-5ae0-42eb-b184-413259dc62cc'),
('7a6a3a76-1fdf-4dce-ac28-448911915bf7'),
('2efb5d5e-6cff-406c-8ce4-f0e10bdd9dfc'),
('3557c932-2d13-4935-af7f-1bdc22579b40'),
('c71fa20a-b872-49d1-8568-147838c5742f'),
('87eb9f38-ccd6-491e-9aa3-6f3c0efbe354'),
('fadbc3dd-8942-4764-8913-540ff325f67d'),
('6abeef88-44a5-4000-b378-d6d5df34006f'),
('24e158f4-4cdb-4c99-9ac0-6192bb5a7a2b'),
('5a030fcd-f8ec-4407-bd4d-e8e9feb794f5'),
('495309de-7524-4345-96ea-eba20ede816e'),
('9503de5d-5a72-4d2c-9597-483ee16c399c'),
('dfcfd572-ab65-4005-8f8d-0503f213b374'),
('7e818034-1167-4e97-b11a-0f8004150442'),
('2c32a6fd-e681-442f-9121-f4b12b8cd243'),
('36f89ecb-cf4e-4728-9cdf-67f2e7045645'),
('aaca92c9-8eb7-43cd-8191-283b562c583c'),
('f047bbec-74cb-4bc2-a58f-7900fd103a5a'),
('f047bbec-74cb-4bc2-a58f-7900fd103a5a'),
('d49e0d08-5eef-4281-b3ff-d6ad44f0349c'),
('c171a707-beb4-4f48-a0d9-784a1d3ffdfc'),
('7fe831ea-e2b8-4a9d-a91a-bb41c2a30ce7'),
('525543d2-9b77-48d8-b621-b5d556001e90'),
('aa5cf644-7726-47b5-bd1a-40d13ea3dc52'),
('afaac1ac-2e09-45e2-8d66-970b4b661cf5'),
('285f4ceb-52f6-46ba-8ca6-d12cabf57590'),
('da47df13-2733-4de3-9bd9-92ae599627dd'),
('a4ab4a6e-a4f4-490b-ab28-be56bd041154'),
('7f3e8090-6178-42b9-8d3f-a430500b82c0'),
('66ba526f-90e3-4243-a20e-9908089ef9bf'),
('e0fb8c58-4db6-4635-82bd-07ee737abaa2'),
('ba64967b-e89e-40a7-a62a-c658e77bbecc'),
('b2193f54-fa17-44bc-8892-b5577cf89200'),
('8b4093ef-7a6d-4729-aa33-214bca8fbb3d'),
('fe9a656e-9f32-4d92-a7bb-ed8bcda860b7'),
('e23218c2-d14f-4336-bfdb-6a5c27567bb8'),
('5b9b5be6-1c23-4546-87c4-730c606277f3'),
('3807f163-f7d1-4987-b87a-fe01f392a980'),
('103eecc7-ba17-4716-8ab2-184beb487db9'),
('371b3261-6320-41bf-b5e0-f72fa142c22f'),
('50d5af44-1d27-4582-a7f2-cdd056002a20'),
('65b3dcfd-0199-4e5d-945f-3bada24a69fa'),
('62202d3d-e4e5-4942-9aab-1842c05e9175'),
('be6bb25d-6c6b-4d7a-8689-399219cbb55c'),
('c0bba014-7e7a-4c6b-8a0b-6baa4000823a'),
('9d33b0ee-eed9-4868-a90b-3ce6a5522b08'),
('d8872359-d464-4947-abe4-bb78b1380c12'),
('9125eebd-e089-45f3-b71b-7029cb525908'),
('8fade058-6a6c-4e1c-a581-95b4e58fcaac'),
('fb6711d8-0b05-44ec-bc0c-36daa660b794'),
('ef75db7c-387d-4e25-8e78-b70971ce0bf8'),
('d5992e84-303c-4291-98ad-c9066d0fdd1a'),
('1d7cdee9-0486-418e-8d60-58158c570cd2'),
('2648a999-5077-45b8-a768-02150bdd2888'),
('ed9be86a-774a-4964-a307-dec446d54e8f'),
('62de3495-300b-418a-85c4-5f9886f4fd2f'),
('45c21292-9623-4a01-83b7-68f613993431'),
('00da58ff-ff9f-401b-bbd3-dcdda9d7c844'),
('cbead5d7-8397-4b7a-a44a-2a8e21072b04'),
('dbb55e6e-24d3-44eb-b529-bd708a596b8c'),
('309284da-3121-4f61-9a54-db2c979769bf'),
('53153d40-f844-41da-99c3-e1229f215469'),
('5ef84732-4311-4017-9e13-530f7e3f32e3'),
('bee07bf9-b79d-4d08-89e0-ed1bb84015c4'),
('50d00b3d-800d-4f26-880b-210d455bd13b'),
('9ce77973-e6eb-4315-abbb-509e4eb87ca9'),
('7be2caa2-961d-4941-87bd-de5a00089212'),
('a0947721-0253-4a09-b9ba-0f1f58d3a26d'),
('74cea0fa-f5ca-4268-bcc3-76556f1bc7c9'),
('900a8f62-5285-42ff-a20b-8b62fb8657b2'),
('1dc2d29b-f181-4a09-8dfb-592d894845b9'),
('297b9578-167e-476d-9cd7-7c6f694feec0'),
('0a4a3913-4e75-476a-bca2-3fa27240476b'),
('86a104c6-475b-4a15-982a-7e2a3a63e742'),
('8c717432-a0a0-43ed-ad28-df5acfc9b243'),
('15468228-80d7-460b-85c5-8af2436ebaf3'),
('9c979401-808d-4916-84dc-74a0bb88676f'),
('ec198bbe-0783-4b44-9a06-596f1c0df549'),
('879a0288-75b9-434d-bdad-88bd1cd571d6'),
('4e15cbe8-d908-4c82-a355-bf11ee01d418'),
('16fa3e09-28fd-4621-a63c-e2692a164b30'),
('aab57036-42b1-47ea-8d4a-8c8dd8056208'),
('5245237c-851a-4f5f-a3e8-6dfe67101c3c'),
('e5151248-e210-41b1-b985-b226a198b007'),
('b145e6c5-ec40-4bc1-bef3-e9ae29d9f2dc'),
('96b490d8-d877-4a34-8ec1-9ef9d8eee46e'),
('1c662848-bcf5-41a8-9e24-c36675cf925b'),
('e23685cf-e44a-4c09-bf56-fbb371a15f24'),
('643d69e3-afbe-444a-9cb0-6541ce7c99ef'),
('977e9ca9-4ce4-4dad-8256-945189802986'),
('5f7c71ae-13f4-4021-a3a0-38aec06fd2b5'),
('6c77c0d6-c017-4c79-8997-6c3bc6c9814e'),
('c7d426f0-2710-4674-81cd-f73eb5a4245c'),
('d41e5d84-9d81-4f4e-8ae9-49385becaba5'),
('2e5c28e8-bd17-4abc-b315-df1007861943'),
('7efccca2-1869-4b01-aea7-305b5a2208aa'),
('c6714dbd-418d-43c8-b091-3ebfa897de3d'),
('167a6d3b-50cd-4d7c-95fe-a7e37dd675ef'),
('ce3d2039-acbd-4f3c-b338-fb0525507468'),
('f35d993d-e6e6-4509-8dda-18df22ec839a'),
('c0a9218a-075b-421b-957d-3fe11b0be0fb'),
('a1e4a777-fbe1-4ae5-8891-12da4a74aaa8'),
('1438dd47-15a6-4a7f-9709-ccdd12be81fa'),
('66b1dab5-0ac8-4475-9193-a71c296bfa86'),
('4e966b39-58ac-45fe-a6ba-333d2de4b631'),
('b689d436-211e-40b2-aa41-bf0f2fa7dcf6'),
('3824ddc5-2734-468a-8495-312500a79476'),
('19f60957-f1e4-4e5c-8f5f-e60d82b7e3c9'),
('359bbf9d-85fc-4961-a396-7d5c6cbd2730'),
('15357a69-1df9-4907-baad-e16b8feab340'),
('6091066a-8f92-4d90-949e-a6f55dd1160d'),
('be958ce6-2eca-4ebc-8423-af30735efe14'),
('6f2bcea1-9e4d-459d-b066-a6598c22e219'),
('360f3357-c3d0-4fca-90cf-c9be29912006'),
('0c2cc66e-0988-4352-89f2-c71e035c305f'),
('9affc448-c823-4662-a841-8047342967ea'),
('f8612875-e7d3-4f57-9bba-923144155052'),
('9b266d09-a3a1-4c44-b2d1-1080af6c5a7b'),
('5665e402-7eb2-48fe-9263-a0c2d50ebe5c'),
('ad9f4613-9809-4d81-81a8-5dd143579119'),
('1bdaa5c3-79e5-4215-b1ff-e46f7342ad80'),
('207e0c2e-b6a4-4941-9b9e-34520880618f'),
('3989acd3-0f95-4aa5-b5b6-5c1ec5054452'),
('01d4fbd1-0929-44d7-addd-78d36b41563d'),
('280692a9-d276-4f42-a788-8c3955d0cd20'),
('df54908d-f359-4aa2-9147-0c40d21ea31a'),
('df54908d-f359-4aa2-9147-0c40d21ea31a'),
('209578c9-a809-4e42-ab59-3699691d10a1'),
('c9836647-d91f-4128-b685-d4a67df08a09'),
('205eaf60-0437-4d56-96dc-32f72ceb9637'),
('cd366cf4-2174-49bb-9db9-53fafea5e99f'),
('b90d161f-ddac-4eac-9967-7c50aa878aff'),
('74b9357c-c3a5-48a9-8d0e-01e51a6bf107'),
('9f9c0a6e-8605-430d-8952-3c0fe3cae7d9'),
('aa1b2516-3419-4ecb-a0f1-9bf293c77878'),
('38323791-d943-4eeb-9250-eaec06b4f5c7'),
('36b839c2-db46-4808-bcb9-0d287b81b2f9'),
('60e0b89a-992b-4634-97b4-1587ca5b99f1'),
('5e1c6ec8-7181-4353-a2e3-3679b9f40bb3'),
('86407275-eaf6-487a-9eac-d28477f1d929'),
('214b36e0-9928-4078-ac6c-8d5eda709a97'),
('519afbb3-b278-49fe-a1f5-791ebcd4b824'),
('55ecbf5a-d2f7-49ec-9538-765de5a21469'),
('0cac4f76-6575-4486-beda-ea2f85f30197'),
('55ecbf5a-d2f7-49ec-9538-765de5a21469'),
('70733f5e-7d49-4807-b8a3-766550a67408'),
('6ce068fb-b88f-4f62-82ca-d35df7924d3c'),
('d6574281-98ea-425e-8ccb-86f5ce931870'),
('71fa2ef8-6a71-415c-9902-327802d16a5e'),
('d8e44193-d570-4cf5-bd5f-60a91691e655'),
('541c3bc1-06e5-40dd-b64a-eeab0ae9530f'),
('b9630689-d271-486a-95cd-fd9f60b76989'),
('dca60a87-8fe1-4072-9896-b8ff3b7fec5b'),
('1c79dd53-1afb-42b6-8933-8979b66f667c'),
('9162e2f0-8fe7-4266-a943-5a5e99b0879d'),
('a4420a58-74d6-4c74-a0cd-720d6981a755'),
('d8e44193-d570-4cf5-bd5f-60a91691e655'),
('4959f3cd-8ac9-4360-89e5-cb3cf9fa3442'),
('ed615fa2-e18f-405a-b451-708a7a717f23'),
('279095c8-3977-44b5-96b0-a0066c1e5ff4'),
('9db7ee98-5755-411e-a3fe-c9f9c14ee033'),
('be58b7f5-05e8-46ca-8256-c3c7f2de729b'),
('d37ff0a9-b1fb-4fc2-8868-88d0710e2253'),
('df7aa727-5ce6-40d5-93ae-13f262fb84f8'),
('85175fc6-235d-44ce-bb79-b71cf3aedf9c'),
('5083e903-d8d1-43ae-87ec-b713fdafe09f'),
('5b6876a5-a80e-4edd-8b74-4980769618c9'),
('7940a586-2501-4c56-9945-7770040697a1'),
('a49d9020-28dc-4778-9e3d-80a016ad15cf'),
('83e9dd34-565e-4abd-b286-763c3dd05caf'),
('fe14d7cf-e92a-4334-bf2b-50cb005f7b9c'),
('fd96d46e-4558-4818-914d-cf332e7665c4'),
('55932603-911e-4450-8664-a7682f9c5958'),
('c14f602a-dd39-483f-9599-24c25ecbd371'),
('653c195b-ba84-4502-9e06-3f361d640bdd'),
('af0d8e4b-4a63-4397-9fc2-6fed1427f87c'),
('7db36236-3aa1-44ae-95a7-0f26c573e0a3'),
('7ed5fd38-80aa-492f-8f05-994fa80b8168'),
('01d8edc2-f0b4-4220-89ee-afa81f2d724d'),
('f099e8bc-cada-4e0f-9f75-b704721e2207'),
('fd4cc80a-8c9f-455a-a037-f00ef3ca759c'),
('08eb3158-11f4-46a7-804d-fee79ff2b0ab'),
('9b6b71b7-cd8d-44a5-92b4-66fe8bb7422d'),
('4e15cbe8-d908-4c82-a355-bf11ee01d418'),
('17804ed3-e638-4a31-b352-bccc418796a1'),
('bf649059-428a-409f-ad6a-abc9cb90e5bc'),
('0f806d7f-5203-482b-861a-7e5fb72f5e67'),
('059e829f-7734-4680-bf6c-c84c67affcbe'),
('0b650f91-4baf-4317-a17c-6b5e357ab1a4'),
('b5343b2f-8326-4d25-9004-445e8fba1ff1'),
('2261539f-35f0-4959-9d15-eca3ec1ee6f5'),
('fadb9a5a-2b93-431d-b24f-ada726f75909'),
('a04a79e3-1686-4818-a5e9-6f8da2b28f16'),
('087b3d9d-b84e-4f2b-8147-b531d3571fe9'),
('74f9ff98-f054-4ceb-bc50-7d810cd57e7b'),
('e8a56c58-6b23-47bc-80dd-03f7a2aeb4c7'),
('024da6d4-07a6-4a38-8bcd-2ee14990e53b'),
('fd2a2150-0b80-4e33-ba43-16a84db0645b'),
('b7c4ccbc-cc57-4f52-bd1a-f41096c0e335'),
('9abd6905-a94f-4cac-a20a-b9c9ce5932b9'),
('6a0bb46c-fea2-43f5-8f5d-77a6496870e1'),
('114a91ff-42ed-4d42-8316-7f13ee011849'),
('d0d5d67d-f241-4ecb-a70b-a1a6a8d40932'),
('e83eeece-4055-4544-b002-0945c94d9a34'),
('df86daab-568e-4e88-99b2-38aa721368fd'),
('1d51612b-0120-41c2-88a2-9f1e6ebde330'),
('aa270cfa-6dbf-4d0f-8756-6c84dbf2770a'),
('4243c880-b523-48ed-b305-2542c8103b80'),
('0e59e969-6ed2-4deb-867e-582737d823a1'),
('c96afaec-8b38-4252-85c6-b8d576b3cedb'),
('f1787feb-d3c9-4a3b-b14d-ece7f23b2515'),
('76d81dfc-abe1-4ba8-8c5e-2ab2512616c3'),
('6013f228-9663-45f5-bacf-008243c29c6e'),
('af0a6792-586e-457d-b586-4580172a0e36'),
('81b758d8-d19a-4f05-9fea-6cc0690d161f'),
('4483eb0a-da51-405f-8d3d-fc7b5eeba15a'),
('196fd56e-591f-4676-90d5-904a73913afc'),
('56379239-b8a9-4d0b-bab6-05aea190839a'),
('66148c10-bb9f-4749-9210-8a8480edfe91'),
('b765b29e-164b-4d1c-8f3a-c16a77b7c58b'),
('8a345d68-fe64-4818-8aab-0184faeaa0a6'),
('b8a9f427-d076-4c70-9e2f-258d0a2861be'),
('a173910c-d23e-4629-8dca-5d24712a3029'),
('c7c1bb54-6180-49a3-961c-ed7148ac08c7'),
('62d0a972-5cfe-4d17-826e-2ac8da5e4a3d'),
('f324dcd5-d0ef-40ca-8208-f5dc395f20d9'),
('e33fd8eb-b805-4dfa-9a71-5afca7fa9e47'),
('4cc6e951-77f2-4456-9554-80ffefcd8938'),
('feb5c61a-ff79-4e5e-877c-51ee712b0887'),
('81b31fdc-9572-446d-be47-de4be148d800'),
('9fb74991-a3da-4a24-af31-ee1965e9c407'),
('4af42235-2d45-4ef9-ba9b-bcf737d19a03'),
('0c5b5b04-b081-42fd-8ff8-cf5fbad57c9c'),
('41819e51-1136-492b-b6f6-1a71c3b430fa'),
('e064f0fc-4271-49c8-a73b-bc7d8d4ca6aa'),
('b353bb86-f236-44f2-afe3-95a6684bf6c6'),
('44977414-555f-44a8-a1c1-76b1e774cf98'),
('1bd080d9-6b2e-455c-8b0f-0ba203280ac7'),
('3d09225c-02e8-4cd9-9b01-7f474f085d0f'),
('349120d0-b3e3-44cc-81e6-564857c0e475'),
('e8decd3b-2c75-451d-aa30-67e74037de08'),
('09ee1b53-5412-471f-8bd4-4cb0bc72cc76'),
('b336cbc5-4793-4b97-99f9-31381d187670'),
('348d3cfb-4657-4307-a461-60114191f354'),
('09b9ef2a-3402-4492-939d-e147be4f516d'),
('8aa89ed8-a5e0-45c2-902f-923f596b1e78'),
('04c92705-70cb-410e-95b3-7760ed3263ef'),
('b44e510f-7b75-4550-8295-0c31c5bcba0e'),
('d4378101-ca5c-40de-a7d2-3dbad13856d9'),
('cc61fe0f-4aa6-443b-bdd9-f011fca76732'),
('17929e20-aed3-45f4-a848-342b4176559e'),
('fd0959de-fa2e-4f3f-9493-df2649104860'),
('fd0959de-fa2e-4f3f-9493-df2649104860'),
('8078645f-7edd-485c-bb85-9759a85e546d'),
('fd0959de-fa2e-4f3f-9493-df2649104860'),
('9fa552dd-84d6-4493-b094-e46c0a60dc52'),
('692561ea-a6e1-4e2e-b1b3-fc4c49032559'),
('bf891c5d-def7-47bb-9e0d-0a377ece51f3'),
('fba9c573-2e43-46f8-aecb-a37265cf508d'),
('fd0959de-fa2e-4f3f-9493-df2649104860'),
('fd0959de-fa2e-4f3f-9493-df2649104860'),
('fd0959de-fa2e-4f3f-9493-df2649104860'),
('fd0959de-fa2e-4f3f-9493-df2649104860'),
('f6bceae7-1c4e-469e-9437-84f229d5df8f'),
('f6bea20f-3713-4657-ac6a-f96d61101e9e'),
('e0917364-f3fb-4f1c-a8fe-002705207afd'),
('a100c646-2a90-4925-a51c-0b800b50f7ed'),
('a100c646-2a90-4925-a51c-0b800b50f7ed'),
('901574fa-11fc-422f-a80f-959a8ed7db01'),
('a100c646-2a90-4925-a51c-0b800b50f7ed'),
('0ca0a9ec-a896-4d67-ae4c-2c3f210a33cb'),
('c1c3dcf0-3b5d-40ca-a952-5406e1798de0'),
('e97cfe4f-a33a-4c58-b6ee-986165043468'),
('191b32dd-3a01-401e-855d-2b192a1262e9'),
('a489fd0f-31bc-4952-8414-1fcc46b35396'),
('9244e4d2-98a9-4a79-b4fb-5f1a28559d7e'),
('3c37e7ee-2e5e-4a24-b84b-55c45636d7ab'),
('3f25d924-e9d2-463e-a8f2-26fcdea9f162'),
('4e2f9fbb-1b73-4c6d-8897-3b0c9bd3a02c'),
('416730b0-7e7b-4198-9f28-93b0f7c578ce'),
('9cd62acb-86fc-4970-819c-5111c0265e77'),
('505bc322-b761-48d7-9860-f86221e2b5e1'),
('a67fc1c5-168a-44bc-8f47-9f480a05edbd'),
('660ad045-f33e-4c1f-9519-596814d4a13e'),
('3e1f9c6c-1b3f-4b8f-a8ed-f1b4d84108d7'),
('3400c6ff-210a-41b7-8bde-000b876a549e'),
('a430a35b-6245-45fe-9165-b635ada30b3d'),
('c026cd56-d98e-4562-afe9-286085cda093'),
('c026cd56-d98e-4562-afe9-286085cda093'),
('e978ab5b-aca6-446f-a894-eee326bf055d'),
('c5780ea7-a446-45ba-9aa6-ddecc13876bd'),
('00bda4dc-396d-45ab-a544-d2a3e9f2861c'),
('6e5ccba6-8f3f-4239-9f61-ba6fa794ad48'),
('0e66beda-d285-48f8-9190-5c0891060776'),
('7754b40c-c6c6-4640-ac09-5f1f8ab92f95'),
('7754b40c-c6c6-4640-ac09-5f1f8ab92f95'),
('cccd66e1-3f26-4445-8a7a-0708424107ff'),
('df7aa727-5ce6-40d5-93ae-13f262fb84f8'),
('3c134147-b9b1-4d91-bdfb-2c24ab66ddf0'),
('ad0e2deb-b32d-4cd0-b252-4f01057a86a6'),
('d2485f4f-fde6-4df9-885a-c4e85dec93f9'),
('71271b10-a097-40fa-84e0-4c9f4fe11b3c'),
('89ddc9d1-f22d-4c4e-86cb-3e65253a19b6'),
('eae9ad85-1162-4c0e-a5e5-ec544544be28'),
('0f5a75c1-d036-4355-9249-a09129ad34ec'),
('a6fef3cd-b4b7-4d23-8981-7390bbc87038'),
('cd7e1422-1357-4df9-bdd6-82a0d1a18255'),
('f7436434-793f-4ee1-a177-dcc7963f53ef'),
('e36c30af-c739-43eb-8b29-6bc607cd28c5'),
('5b8519b0-856d-4de9-9c3a-b8c39a60db40'),
('45616677-8c6c-410e-8e2b-91a5dead61bf'),
('7754b40c-c6c6-4640-ac09-5f1f8ab92f95'),
('8e9b3667-cffa-4e51-932c-b9c9b39d83e5'),
('7754b40c-c6c6-4640-ac09-5f1f8ab92f95'),
('7754b40c-c6c6-4640-ac09-5f1f8ab92f95'),
('74fb8a88-4f40-45a3-b69d-63cea7109f33'),
('3450c1ea-a8b2-4b9f-b0d3-e0cebf2a0b4b'),
('9d4642df-429b-4054-9ca3-eb4d3e4e8ca6'),
('46e5924b-e167-410e-8a26-04beab201183'),
('8ff2563c-25b6-4529-a27a-27274bd2361e'),
('f6330611-995c-4278-adcd-e960ec3612ad'),
('d1cb3fdb-702d-44cb-8072-c8e672e978c6'),
('743f1067-8fd6-436c-b7b5-8308d3b13f4c'),
('3756c66f-1a45-49cb-91a3-4883d2eb0e86'),
('7a45d313-ad9a-48bc-9796-2fce5f4a4ea5'),
('a100c646-2a90-4925-a51c-0b800b50f7ed'),
('12029019-f46e-4005-ac92-b58407a4a7e3'),
('07854463-7eb0-4b2f-9469-0ea75815a2eb'),
('61bcc0b3-d9b3-45e9-9c9e-e78ca5714739'),
('aa0c1d52-b9a2-440c-8ace-c57becf3a178'),
('61168bb6-5e9f-45ec-8dd5-32742d3f569c'),
('279e5a15-14da-4b7b-a695-c954bfa8165a'),
('b8d05558-084e-41cf-ba49-12512d988716'),
('4f3aa291-0d35-4bec-9ee3-a29ce56660fd'),
('afc1f295-aecb-44c8-903d-0ae8fe0841a9'),
('a866c244-02f5-488c-83f5-8631ad154fc3'),
('a100c646-2a90-4925-a51c-0b800b50f7ed'),
('6b661ab8-d9e0-4a3b-8b9a-c5aa879913d5'),
('01064a27-860a-49cd-b67b-dc36ee9e871b'),
('7e6b0707-9383-47fa-b9d2-1f4c015921e0'),
('bf0f5eb9-71a3-4980-963c-25df0c0f603e'),
('297cb452-0eba-4369-9c31-bb03bcc27b3f'),
('e7c20866-faae-4089-b343-492057081a1c'),
('b047705a-6a41-417f-bb76-e66e2388e9fd'),
('c871191e-3687-415a-8890-a96d314c449d'),
('dbcccc2d-a82d-4731-9d59-017d40fa0ba6'),
('e1926ac2-2939-4fcc-b49d-9ad25116d7af'),
('8e6d715b-3747-40d5-ab2f-b892132cdf99'),
('d2f6ac57-9030-4164-9160-9d76080827a8'),
('d453b6dc-c4b2-4ccc-8d57-d9c1e6ea5d49'),
('75074f6e-b11e-43f5-9a07-b59448ab5823'),
('4b37d241-b73b-4ecc-bf5f-9de227c985df'),
('9f9b0610-2da7-4265-adc1-4166d0ba2138'),
('6c799cfa-3cda-4124-8872-38e0d60d378e'),
('b30ffc52-7c57-4e56-bb21-382eb0e33e3c'),
('c469d92f-a550-474e-972f-9cb9d25450ec'),
('2aaca795-f309-4b22-a1d4-44107ef08102'),
('40610d8f-008e-4ffe-b74f-2605b0471247'),
('21afd6ef-73a7-4408-9cf1-80524a857a01'),
('784635cc-f82f-4c1c-9e31-10c0e355e205'),
('4f4d209e-8ea7-4e43-ae23-bc5b347c28a7'),
('3547774e-a038-4ef6-b7b3-da2d712652af'),
('f6e89f6a-8f94-49f1-b69f-760b4e8f6df7'),
('022affb4-da74-4b3e-a8ea-a04ddd2e59a0'),
('c22a93fb-5d78-403c-a04a-b0de9750f063'),
('e3de7bd7-beca-42a2-9b0d-416ec5a5b5f3'),
('9122eb60-fadc-4924-80b4-dbf8289c998f'),
('c620e7e6-303d-4a00-bad0-d90e95843084'),
('cc925998-2e3f-4ae3-a3f4-687d08dad0fd'),
('78fed885-1cb2-4539-ad95-73f155f0a2f8'),
('c7c08252-cd3e-40da-8a38-9e58e049d592'),
('4906c66f-5009-476b-85c0-40d94805ce29'),
('95f1684e-f844-49f0-a077-3b09a5fa34b7'),
('8f10744c-6972-44c3-9108-e9f7020ed5be'),
('86dc9070-18d6-485b-8776-854cfcacb377'),
('50ca27b7-1dff-4ce6-82e4-40532fbd0d2e'),
('0c58db0f-af90-4c31-ae25-4f335887124d'),
('6deb6006-ddd2-4b7a-9ce9-51825e72df4b'),
('c3eaa38f-24b7-4091-84a6-6ea42dcdab27'),
('22263908-995e-4950-a09c-1c3101c5f0fa'),
('8a2c0db3-f869-420f-a030-b00cf8652ccc'),
('efb326f1-f38e-4681-8968-ce048532f84d'),
('7a09a152-c51d-4135-a713-418565c05c9f'),
('c649a5d8-11fb-4a8d-b07c-55763717b6f3'),
('cbb42985-8324-4311-839b-b26919cb6545'),
('bcc285a2-ca74-4b67-ab7b-604fbde044e3'),
('dbffd6d2-e4c6-4124-9db7-e5c7e577206b'),
('2f4f6b66-e7a8-4a2d-a093-f9484b82b5e8'),
('612ccd54-f30f-4d27-adc7-9c021bef106b'),
('bfe74e07-0d63-4d70-a04b-4271a2667736'),
('ecc239d6-527f-4e17-b22a-3122b171c0b6'),
('2c6f628f-8289-46a4-a20c-5dc5c35400a1'),
('b73797e1-079c-49f8-83ae-5439167616a1'),
('6a6b989b-b74a-4990-8268-d9d3834f65bf'),
('191543a1-62c8-4d31-8260-3806640dd071'),
('6c460a13-2ac4-4e01-9618-7ebb7b1494b4'),
('7e72277e-28ff-4afc-b8ab-598d560629f2'),
('59e080f9-457f-4355-89a9-ade2c36d5ee4'),
('c7ccbd2b-8554-4fb9-8554-84b306a2427f'),
('fcc32cf7-28f7-41bb-a55d-1a747701cb4d'),
('dbb075f0-ab0d-4386-ad1c-af2076cdec61'),
('37220d23-b12d-44a1-8bd4-61301778fea4'),
('a056834c-6325-4f38-8121-9fc148fae42c'),
('964c5a75-daae-4d85-a56d-59443b03ea12'),
('8741d0aa-e2e5-479f-a930-342ddae8c7c1'),
('cdbf8a7e-e7a9-4fa9-ac75-313ba8cda893'),
('e3361485-6822-422a-b87f-4015993232b7'),
('481010ab-e4d3-41eb-997f-b200262f8aa9'),
('75bd08ad-eee0-47d1-98c6-5860082d38a4'),
('30db91f3-7a7c-4e0c-a357-1e63e3599cc7'),
('249876a1-db5d-4aa1-9c74-fd93182ffc47'),
('de71d2db-13cd-47ec-a292-e9e45e2a3323'),
('bd21e94a-9f48-4aab-8341-5539ed2be0e1'),
('21657989-b504-44ac-a561-f37123b30a03'),
('344f68a7-2dbc-487b-a69b-880a1beebadc'),
('13805e5a-8bb5-418e-b2a5-4270fb6b7806'),
('c872de37-a90e-40e1-96dd-260e2f9a12c6'),
('3b653a15-fb35-444b-a8c6-6590810cf45c'),
('56171810-22ee-4bb3-952f-d224f4bdcf57'),
('b980b738-6f80-420f-9143-714d4c269d26'),
('3788961c-a5d4-45d6-970f-8623b355a244'),
('09ef35c7-3978-419a-9551-168b81f710b5'),
('1ece91d9-673b-49ef-a6ba-44f49dc8f21b'),
('ac7463a6-bc4c-4ec4-9ab6-491f0515c15f'),
('2e12bfa5-9a93-4678-9bb7-f152c3289f46'),
('b776833f-ea8c-49ab-b51d-2a58b9b4e485'),
('7ca76f1e-f1af-423b-bc69-086f7a256632'),
('5edf36ca-0e75-459e-a09f-6cb017a9fd89'),
('51f249fd-54f4-4359-8d3e-10efc08d2879'),
('70d91def-e01a-4ae9-9129-e3d0edc1d886'),
('915c4c7a-56ca-4398-aef6-a2e18db8e59b'),
('119d2ad6-d0a1-4df9-a981-c8904b38a1ca'),
('407a3e7a-875b-47df-bf27-5c135892b83e'),
('6e655464-aefe-44ef-a876-80b47d17e6f9');

-- --------------------------------------------------------

--
-- Table structure for table `user`
--

CREATE TABLE `user` (
  `userID` int(11) NOT NULL,
  `username` varchar(20) NOT NULL,
  `password` varchar(100) NOT NULL,
  `loginKey` varchar(36) NOT NULL,
  `passwordReset` varchar(61) NOT NULL,
  `permissionGroup` char(2) NOT NULL,
  `isPendingAdmin` tinyint(1) NOT NULL,
  `lastToken` varchar(45) DEFAULT NULL,
  `sex` char(2) DEFAULT NULL,
  `age` int(11) DEFAULT NULL,
  `motivation` text,
  `opt_in` tinyint(1) NOT NULL,
  `pass_question` tinyint(1) NOT NULL,
  `salted_answer` varchar(100) NOT NULL
) ENGINE=InnoDB DEFAULT CHARSET=utf8;

--
-- Dumping data for table `user`
--

INSERT INTO `user` (`userID`, `username`, `password`, `loginKey`, `passwordReset`, `permissionGroup`, `isPendingAdmin`, `lastToken`, `sex`, `age`, `motivation`, `opt_in`, `pass_question`, `salted_answer`) VALUES
(3000, 'admin', 'pbkdf2:sha256:50000$9lpulnBX$792577538236ef43746d7c5f9d49445793da3b3091134f711c0673cb64254830', 'key', 'passwordReset', 'ad', 0, '5604fcc9-1334-4742-a3ea-3946d1febb28', 'M', 21, 'To manage a site', 0, 0, ''),
(3001, 'authorAlpha', 'pbkdf2:sha256:50000$wkI7CmG1$0ccc9e68e1470b11181c40a17a3481de0a1606125dfe0a72bd11442b8f4ae094', 'key', 'passwordReset', 'at', 0, NULL, 'F', 30, 'To teach a language', 0, 0, ''),
(3002, 'userAlpha', 'pbkdf2:sha256:50000$VbnTa4Kt$28b04d5eafec7c9d64045d92e3b14911acc7421e34d2f25c1bf57ae65d2bf55e', 'key', 'passwordReset', 'us', 0, NULL, 'F', 18, 'To learn spanish', 0, 0, ''),
(3004, 'ian', 'pbkdf2:sha256:50000$ys7oHuuy$ee4e57292ab65977c8047b06e3b3302b83659379855d628760b3afa983705d20', 'key', 'reset', 'us', 0, '3ce74a4b-8d97-43e1-9475-666a16b9a72f', '', 21, 'test', 0, 0, ''),
(3005, 'ian2', 'pbkdf2:sha256:50000$WBQ4CLte$b680e42fc4ae524f401e37892260792b5dce0bd9500009268c45c0c0c11a4787', 'key', 'reset', 'us', 0, '76e7cce6-156c-495b-a4c6-90968ddc2e9c', '', 21, 'blah', 0, 0, ''),
(3007, 'root', 'pbkdf2:sha256:50000$LOKrPh2O$c04bdbe43a4e93bd6f65fc7a5ebe5b9ea437f5b89a8a87317de7cf8b5039f7fd', 'key', 'reset', 'us', 0, '0cad48ef-f069-4179-a24c-591b2694fa17', 'M', 20, '.', 0, 0, ''),
(3011, 'yuiop', 'pbkdf2:sha256:50000$U6G71z0R$e7425762a2469ba6de3574230aef7bdf85ad1d5bdd0918e918374eeacafe4eaf', 'key', 'reset', 'us', 0, '018d7364-23f0-4151-a254-cf319c947bc7', '', 18, 'asdf', 0, 0, ''),
(3013, 'ii', 'pbkdf2:sha256:50000$DtLNQI9i$76642821fff0e5bbd55b40bc8bf970497527dde22c9fc5816581d8855920f94d', 'key', 'reset', 'us', 0, '4e86f22c-2362-48eb-91a7-6ed30334146d', 'M', 20, '.', 0, 0, ''),
(3015, 'test12', 'pbkdf2:sha256:50000$iEAfZ8mN$872f4ef52b9d7655751a8a3d5e223e1b62e1546358df9f71af7ad2339f82f6a7', 'key', 'reset', 'us', 0, '5fbe2433-cc89-4431-b261-f215921112f7', '', 18, 'test', 0, 0, ''),
(3016, 'sprbrk', 'pbkdf2:sha256:50000$2MY1mRb6$857c73c29d3db57b8eb5fdf4479725fdefa00fc72db435223f218de402113835', 'key', 'reset', 'us', 0, 'e67f4182-ffa0-48e3-88aa-0ea67b71a2d7', '', 32, 'pck', 0, 0, ''),
(3017, 'asdf21', 'pbkdf2:sha256:50000$PqWJ9ofs$58223938b744055cb7fe0519949e46f780afe4ae6156844186cefbc6be5f6a95', 'key', 'reset', 'us', 0, '9ff9c8d9-7603-4f78-b9bd-ce0395b2e4b1', NULL, NULL, NULL, 0, 0, ''),
(3018, 'real', 'pbkdf2:sha256:50000$aiQUpRub$8058eeb2feb54dfca6f5680807d6a4b2e4331370f81dd43058268050f1aa36f6', 'key', 'reset', 'us', 0, 'd74ce0fe-84a1-4f0b-89ad-9bca3331059a', '', 20, 'for real', 0, 0, ''),
(3019, 'uuuu', 'pbkdf2:sha256:50000$SJdSwZhG$e2b330201b089eafd7ac0feea190d6d2cff894e83a0dccf71e7633054d90da08', 'key', 'reset', 'us', 0, 'f084d857-2ae0-47a2-a9e6-77ba740a49c7', NULL, NULL, NULL, 0, 0, ''),
(3020, 'pixel3', 'pbkdf2:sha256:50000$uo0sTNtc$1dd171a72f48c8a0166adb4a9f77f0f69e647febf9a2795f770e313096355f3d', 'key', 'reset', 'us', 0, '7f3c7362-6030-4d8d-83c5-98e71f4c71b0', NULL, NULL, NULL, 0, 0, ''),
(3021, 'kalonte', 'pbkdf2:sha256:50000$hNgAnQ5S$6f486fb47e6481156f48c0b7b1659388bdc69244246d5f21dbe1734dafc13ed9', 'key', 'reset', 'us', 0, '54d7b735-55e5-492a-9292-79cd24965ed7', '', 22, '', 0, 0, ''),
(3022, 'kal2', 'pbkdf2:sha256:50000$voXQcuDR$10cd73afe092b36b45ea50a4710df39ad31db7481238ecb938bb840fe3526200', 'key', 'reset', 'us', 0, NULL, '', 23, '23232323', 0, 0, ''),
(3023, 'testu', 'pbkdf2:sha256:50000$PYWJ2FRK$be1e04c7db93e639cedc8b77925dc58070ff5ce670c8fb26371a5b15b7003dd0', 'key', 'reset', 'us', 0, NULL, '', 12, 'testestst', 0, 0, ''),
(3024, 'kalonte1', 'pbkdf2:sha256:50000$zMzNceLn$49e32d4c9d9f495a0dfbb88f529ea1070039c5c9c6049c7adfe7d4f95a76b7af', 'key', 'reset', 'us', 0, NULL, '', 10, 'I like language', 0, 0, ''),
(3025, 'test', 'pbkdf2:sha256:50000$txOU6Maq$1364f456200c70ceb774f220ad336671ebd58b32e0c106f77f8865c77279e840', 'key', 'reset', 'us', 0, NULL, '', 10, '10', 0, 0, ''),
(3026, 'test123213', 'pbkdf2:sha256:50000$BXAriJv3$65c3ee102dc35a5737df65a6b4f3619e9b5d25e4904d69e83e362d899af71dbf', 'key', 'reset', 'us', 0, NULL, '', 22, 'test', 0, 0, ''),
(3027, 'testcool', 'pbkdf2:sha256:50000$R8k0yq8R$3abeef9840c72a8a4c3770cfea01687357b8c8fb14f70525ba833d57e088c9de', 'key', 'reset', 'us', 0, NULL, '', 14, 'I want ekke.', 0, 0, ''),
(3028, 'testme', 'pbkdf2:sha256:50000$FY26P3u3$e111a2972522b4a01fc64bd1c1eeaee1e59379b2dfb9d493deab68ab4ea68e8b', 'key', 'reset', 'us', 0, NULL, '', 22, 'I want to.', 0, 0, ''),
(3029, 'teteet', 'pbkdf2:sha256:50000$7SnE34pE$fb5e1e0a709799f175a21396fb033de5317ed6addd80da1340ff4cdf25999bfc', 'key', 'reset', 'us', 0, NULL, 'M', 22, 'Hi', 8, 0, ''),
(3030, 'meme', 'pbkdf2:sha256:50000$NxPaHY0S$af47257b627218a17dc499b5fb81411503e4abf1523663dc82e7e93ca775de74', 'key', 'reset', 'us', 0, '6b46dad7-e583-4b29-b4d2-40ea7f8c9c29', '', 22, 'testme', 0, 0, ''),
(3031, 'kalte', 'pbkdf2:sha256:50000$OFo51WmY$903a14d94bb0898748beaa36f2790471fdbed3e91922434d4b3433b616f6ccbb', 'key', 'reset', 'us', 0, NULL, '', 25, 'I want to', 0, 0, ''),
(3032, 'ron', 'pbkdf2:sha256:50000$DFJXzCSF$9a92309ad86de621b72471c823a73d4475d45556de407cba61ced169acf23d87', 'key', 'reset', 'us', 0, '86f51eff-45b5-496c-bf8f-2b1e2b10695f', '', 22, 'ron', 0, 0, ''),
(3033, 'Ryan', 'pbkdf2:sha256:50000$nrDGgPlk$e6f61baab7857c8f18c7f7ec9f4d979c6fd9fcbf57dfe0613f2b1ce11af5d8e7', 'key', 'reset', 'us', 0, NULL, '', 25, 'I like language.', 0, 0, ''),
(3034, 'Marge', 'pbkdf2:sha256:50000$bhNuWCmt$58cc112ca40683d415e058e7dacbeaa375b6c34814f595632ab215178adb0642', 'key', 'reset', 'us', 0, NULL, '', 25, 'I like language', 0, 0, ''),
(3035, 'memer', 'pbkdf2:sha256:50000$7jF9MfFF$9671953e9f9ba31020a87f21b776838eb046a5599dde25bb6ccd52a2a9444a40', 'key', 'reset', 'us', 0, '02b63133-80e9-42cc-8e0e-0f3411f2e601', '', 22, 'meme', 0, 0, ''),
(3036, 'marger', 'pbkdf2:sha256:50000$yAu69VUk$8a695ee22134ae3d9d2fcd7fbd7178196db6c88119e9f0d22580fd0166c82e07', 'key', 'reset', 'us', 0, 'aea22d7c-9dca-4cde-9451-50a5361331d0', '', 22, 'i want to.', 0, 0, ''),
(3037, 'john', 'pbkdf2:sha256:50000$9h5vtEEy$406a009a2bbe1efe48139b123a9e2af1e073207c25958e51b7b3854caef66ce5', 'key', 'reset', 'us', 0, '9c9e5ba7-bb69-4278-877e-5c6c50dfbc45', '', 0, '', 0, 0, ''),
(3038, 'snap', 'pbkdf2:sha256:50000$xuYeUZDn$eebc45b335f574ae00e9c48c7d4349cdc6d68207602c5ddbda0e54df3edabe5e', 'key', 'reset', 'us', 0, NULL, '', 0, '', 0, 3, 'pbkdf2:sha256:50000$50nPqbn5$549fe0b7f78403db8427cab09f6d2fee48623540519a4580677394e07b3b4f5e'),
(3039, 'okay', 'pbkdf2:sha256:50000$x2QVwh8M$2d2a426efaf9589df6a4b8926b3d2b7d32390846cdcf7a434995e93d7b656918', 'key', 'reset', 'us', 0, NULL, '', 0, '', 0, 1, 'pbkdf2:sha256:50000$3bZWTYmv$586aedc92894720aefde0176931537666ad9d2ba45e55d1a262d4488832aa825'),
(3040, 'test1', 'pbkdf2:sha256:50000$qGiPFSI5$fb386e7bfb25c0f0d0711df80c76d1657f5afdd59da7ecf690efef3fa928122e', 'key', 'reset', 'us', 0, NULL, '', 0, '', 0, 1, 'pbkdf2:sha256:50000$o7niMIet$db0fbf074b8772692a946ff37df4d3875f9c2075b8cd1a0acdd4698ca099f8f3'),
(3041, 'test2', 'pbkdf2:sha256:50000$KFuGQyTw$96fd49b0aa03b56586373a495edc4a244b3c4dd704b73948d5ed3543ba574670', 'key', 'reset', 'us', 0, NULL, '', 0, '', 0, 1, 'pbkdf2:sha256:50000$iDSRP1ww$eeef3dcc381b3ed9afe13d8ffb7bbbb621fe10df6d5c07b570b80deea6950243'),
(3042, 'test5', 'pbkdf2:sha256:50000$Ue1XVn04$46f3a8999e8fb3419b9835dd4e5dc5700665cf2ee92d182dc335a16924be3853', 'key', 'reset', 'us', 0, NULL, '', 0, '', 0, 1, 'pbkdf2:sha256:50000$btghTdcX$e87bb1cb975a874301c8e584acefb810c36ca018b3246b239018943095aa986f'),
(3043, 'test6', 'pbkdf2:sha256:50000$R600FI3R$e823f145bf46557877d03662029e6d1cf09e037d94f1b267dadd743cc8974d28', 'key', 'reset', 'us', 0, NULL, '', 0, '', 0, 1, 'pbkdf2:sha256:50000$JicWHW3e$bc1e3402816c8b3dcaacaa24d71559b1968a7f9062b294ed2e737e9d3913fe88'),
(3044, 'test7', 'pbkdf2:sha256:50000$7CvIcFwn$335628b490074b5ab147a5927d5bb53cf799d84f9573360f2bc1472ac729fe35', 'key', 'reset', 'us', 0, NULL, '', 0, '', 0, 1, 'pbkdf2:sha256:50000$UU8yCZKz$ab3429db19a27cc71ec871a5cb7dad397999edae7a884f5fa3b33cc6d7d4b1c4'),
(3045, 'test8', 'pbkdf2:sha256:50000$wHlrfeut$930514d19eac19defed38feb062b9261a6c05eef8609ab5ad1d9bf3e0c197562', 'key', 'reset', 'us', 0, NULL, '', 0, '', 0, 1, 'pbkdf2:sha256:50000$mJief6do$181c8a5fee92e7e91ed9f6fc3dcba98c02f6fd6c8a377c32e4dea64216d9f933'),
(3046, 'test9', 'pbkdf2:sha256:50000$zid86K5Q$ba9aaf671cb23e7a8ba828a6f4f0a8a9b7db5f378a05681a375277c548598a53', 'key', 'reset', 'us', 0, '947e4770-bdf1-4eaf-9936-0a041f00414f', '', 0, '', 0, 1, 'pbkdf2:sha256:50000$2IoTXnA2$179e98260fe346c8ef3d4c64364e17169b554539cc2f895edea8bccb78e659fd'),
(3047, 'test10', 'pbkdf2:sha256:50000$UNo2uAOh$19bc545e164cf421b626a693810464cdd2b426e9df2ec5dc38884811f3015e07', 'key', 'reset', 'us', 0, NULL, '', 0, '', 0, 5, 'pbkdf2:sha256:50000$TIr5TJU1$e84662259366ad00a6929fd04a3f73263cb8178d4ac189451c8b6986a9bd34c4'),
(3048, 'rock', 'pbkdf2:sha256:50000$36lkCprH$645f9a95f4b1353360c3efafb9399d7405b0f53c3ac9187feaad40d846127e3b', 'key', 'reset', 'us', 0, NULL, '', 0, '', 0, 1, 'pbkdf2:sha256:50000$Ii4AzPRR$fb0a0ae66b84eaad34e916b424990611ea62f6d549aa91d2a2694265a8cc9354'),
(3049, 'test101', 'pbkdf2:sha256:50000$uOJ51DEw$31d33c19588f3e4330611a90ae8df7033c201042f6ab6897c83ca2c97a530e28', 'key', 'reset', 'us', 0, NULL, '', 0, '', 0, 1, 'pbkdf2:sha256:50000$MiSSLK5w$156dc27244ff77e8dcf49b8d8b1d1f71649110912c4e07f6078dd2a4faf8985b');

--
-- Indexes for dumped tables
--

--
-- Indexes for table `addinfo`
--
ALTER TABLE `addinfo`
  ADD PRIMARY KEY (`cardID`);

--
-- Indexes for table `audio`
--
ALTER TABLE `audio`
  ADD PRIMARY KEY (`cardID`);

--
-- Indexes for table `card`
--
ALTER TABLE `card`
  ADD PRIMARY KEY (`cardID`),
  ADD KEY `FK_Deck_Card` (`deckID`);

--
-- Indexes for table `deck`
--
ALTER TABLE `deck`
  ADD PRIMARY KEY (`deckID`),
  ADD KEY `FK_Group_Deck` (`groupID`),
  ADD KEY `FK_User_Deck` (`userID`);

--
-- Indexes for table `deck_map`
--
ALTER TABLE `deck_map`
  ADD PRIMARY KEY (`id`);

--
-- Indexes for table `gamelogs`
--
ALTER TABLE `gamelogs`
  ADD PRIMARY KEY (`id`),
  ADD KEY `deck_ID` (`deck_ID`),
  ADD KEY `userID` (`userID`);

--
-- Indexes for table `grouptb`
--
ALTER TABLE `grouptb`
  ADD PRIMARY KEY (`groupID`);

--
-- Indexes for table `group_user`
--
ALTER TABLE `group_user`
  ADD PRIMARY KEY (`groupID`,`userID`),
  ADD KEY `FK_User_Group_User` (`userID`);

--
-- Indexes for table `images`
--
ALTER TABLE `images`
  ADD PRIMARY KEY (`cardID`);

--
-- Indexes for table `loggedanswers`
--
ALTER TABLE `loggedanswers`
  ADD PRIMARY KEY (`qaFormat`,`cardID`,`roundID`),
  ADD KEY `FK_Card_LoggedAnswerss` (`cardID`),
  ADD KEY `FK_LoggedAnswers` (`roundID`);

--
-- Indexes for table `round`
--
ALTER TABLE `round`
  ADD PRIMARY KEY (`roundID`),
  ADD KEY `FK_Session_Round` (`sessionID`);

--
-- Indexes for table `session`
--
ALTER TABLE `session`
  ADD PRIMARY KEY (`sessionID`),
  ADD KEY `FK_Session_User` (`userID`);

--
-- Indexes for table `user`
--
ALTER TABLE `user`
  ADD PRIMARY KEY (`userID`),
  ADD UNIQUE KEY `UC_User` (`username`);

--
-- AUTO_INCREMENT for dumped tables
--

--
-- AUTO_INCREMENT for table `deck_map`
--
ALTER TABLE `deck_map`
  MODIFY `id` int(11) NOT NULL AUTO_INCREMENT;

--
-- AUTO_INCREMENT for table `gamelogs`
--
ALTER TABLE `gamelogs`
  MODIFY `id` int(10) NOT NULL AUTO_INCREMENT, AUTO_INCREMENT=1001;

--
-- AUTO_INCREMENT for table `session`
--
ALTER TABLE `session`
  MODIFY `sessionID` int(11) NOT NULL AUTO_INCREMENT, AUTO_INCREMENT=101;

--
-- Constraints for dumped tables
--

--
-- Constraints for table `addinfo`
--
ALTER TABLE `addinfo`
  ADD CONSTRAINT `FK_Card_AddInfo` FOREIGN KEY (`cardID`) REFERENCES `card` (`cardID`) ON DELETE CASCADE;

--
-- Constraints for table `audio`
--
ALTER TABLE `audio`
  ADD CONSTRAINT `FK_Card_Audio` FOREIGN KEY (`cardID`) REFERENCES `card` (`cardID`) ON DELETE CASCADE;

--
-- Constraints for table `card`
--
ALTER TABLE `card`
  ADD CONSTRAINT `FK_Deck_Card` FOREIGN KEY (`deckID`) REFERENCES `deck` (`deckID`) ON DELETE CASCADE;

--
-- Constraints for table `deck`
--
ALTER TABLE `deck`
  ADD CONSTRAINT `FK_Group_Deck` FOREIGN KEY (`groupID`) REFERENCES `grouptb` (`groupID`),
  ADD CONSTRAINT `FK_User_Deck` FOREIGN KEY (`userID`) REFERENCES `user` (`userID`);

--
-- Constraints for table `gamelogs`
--
ALTER TABLE `gamelogs`
  ADD CONSTRAINT `gamelogs_ibfk_1` FOREIGN KEY (`deck_ID`) REFERENCES `deck` (`deckID`) ON DELETE RESTRICT ON UPDATE RESTRICT,
  ADD CONSTRAINT `gamelogs_ibfk_2` FOREIGN KEY (`userID`) REFERENCES `user` (`userID`) ON DELETE RESTRICT ON UPDATE RESTRICT;

--
-- Constraints for table `group_user`
--
ALTER TABLE `group_user`
  ADD CONSTRAINT `FK_Group_Group_User` FOREIGN KEY (`groupID`) REFERENCES `grouptb` (`groupID`) ON DELETE CASCADE,
  ADD CONSTRAINT `FK_User_Group_User` FOREIGN KEY (`userID`) REFERENCES `user` (`userID`) ON DELETE CASCADE;

--
-- Constraints for table `images`
--
ALTER TABLE `images`
  ADD CONSTRAINT `FK_Card_Images` FOREIGN KEY (`cardID`) REFERENCES `card` (`cardID`) ON DELETE CASCADE;

--
-- Constraints for table `loggedanswers`
--
ALTER TABLE `loggedanswers`
  ADD CONSTRAINT `FK_Card_LoggedAnswerss` FOREIGN KEY (`cardID`) REFERENCES `card` (`cardID`),
  ADD CONSTRAINT `FK_LoggedAnswers` FOREIGN KEY (`roundID`) REFERENCES `round` (`roundID`);

--
-- Constraints for table `round`
--
ALTER TABLE `round`
  ADD CONSTRAINT `FK_Session_Round` FOREIGN KEY (`sessionID`) REFERENCES `session` (`sessionID`);

--
-- Constraints for table `session`
--
ALTER TABLE `session`
  ADD CONSTRAINT `FK_Session_User` FOREIGN KEY (`userID`) REFERENCES `user` (`userID`);
COMMIT;

/*!40101 SET CHARACTER_SET_CLIENT=@OLD_CHARACTER_SET_CLIENT */;
/*!40101 SET CHARACTER_SET_RESULTS=@OLD_CHARACTER_SET_RESULTS */;
/*!40101 SET COLLATION_CONNECTION=@OLD_COLLATION_CONNECTION */;
